date,time,open,high,low,close,tickvol,vol,spread
2025.09.18,00:00:00,146.917,146.938,146.906,146.938,7,0,97
2025.09.18,00:01:00,146.941,146.941,146.941,146.941,1,0,95
2025.09.18,00:02:00,146.941,146.941,146.941,146.941,1,0,72
2025.09.18,00:03:00,146.941,146.941,146.941,146.941,1,0,68
2025.09.18,00:04:00,146.941,146.941,146.941,146.941,1,0,76
2025.09.18,00:05:00,146.941,146.941,146.923,146.941,4,0,67
2025.09.18,00:06:00,146.941,146.941,146.941,146.941,1,0,76
2025.09.18,00:07:00,146.948,146.948,146.948,146.948,1,0,70
2025.09.18,00:08:00,146.948,146.948,146.947,146.947,2,0,52
2025.09.18,00:09:00,146.947,146.955,146.947,146.955,4,0,57
2025.09.18,00:10:00,146.952,146.959,146.946,146.951,5,0,53
2025.09.18,00:11:00,146.951,146.951,146.951,146.951,1,0,78
2025.09.18,00:12:00,146.948,146.948,146.943,146.943,2,0,82
2025.09.18,00:13:00,146.943,146.943,146.939,146.939,2,0,86
2025.09.18,00:14:00,146.931,146.932,146.931,146.932,2,0,76
2025.09.18,00:15:00,146.932,146.934,146.932,146.934,2,0,75
2025.09.18,00:16:00,146.934,146.934,146.930,146.930,2,0,74
2025.09.18,00:17:00,146.930,146.930,146.930,146.930,1,0,87
2025.09.18,00:18:00,146.928,146.928,146.928,146.928,1,0,89
2025.09.18,00:19:00,146.928,146.928,146.927,146.927,2,0,89
2025.09.18,00:20:00,146.922,146.924,146.922,146.922,3,0,93
2025.09.18,00:21:00,146.925,146.926,146.925,146.926,2,0,88
2025.09.18,00:22:00,146.925,146.925,146.921,146.921,2,0,89
2025.09.18,00:23:00,146.921,146.924,146.890,146.924,3,0,90
2025.09.18,00:24:00,146.923,146.923,146.923,146.923,1,0,91
2025.09.18,00:25:00,146.923,146.923,146.923,146.923,1,0,90
2025.09.18,00:26:00,146.920,146.920,146.911,146.911,2,0,90
2025.09.18,00:27:00,146.911,146.918,146.911,146.918,3,0,73
2025.09.18,00:28:00,146.918,146.918,146.917,146.917,2,0,68
2025.09.18,00:29:00,146.917,146.919,146.915,146.919,4,0,70
2025.09.18,00:30:00,146.919,146.919,146.911,146.911,3,0,74
2025.09.18,00:31:00,146.911,146.911,146.909,146.909,3,0,77
2025.09.18,00:32:00,146.909,146.909,146.909,146.909,1,0,85
2025.09.18,00:33:00,146.909,146.909,146.909,146.909,1,0,77
2025.09.18,00:34:00,146.909,146.914,146.902,146.914,4,0,76
2025.09.18,00:35:00,146.914,146.914,146.914,146.914,1,0,70
2025.09.18,00:36:00,146.914,146.914,146.913,146.913,2,0,68
2025.09.18,00:37:00,146.913,146.913,146.912,146.912,2,0,66
2025.09.18,00:38:00,146.912,146.914,146.912,146.914,2,0,57
2025.09.18,00:39:00,146.914,146.914,146.899,146.905,8,0,55
2025.09.18,00:40:00,146.906,146.908,146.898,146.907,18,0,62
2025.09.18,00:41:00,146.907,146.909,146.898,146.903,23,0,58
2025.09.18,00:42:00,146.903,146.912,146.902,146.904,38,0,56
2025.09.18,00:43:00,146.903,146.911,146.856,146.911,29,0,43
2025.09.18,00:44:00,146.913,146.932,146.852,146.885,56,0,17
2025.09.18,00:45:00,146.911,146.931,146.911,146.920,17,0,23
2025.09.18,00:46:00,146.920,146.927,146.919,146.925,6,0,11
2025.09.18,00:47:00,146.925,146.925,146.924,146.924,2,0,45
2025.09.18,00:48:00,146.924,146.924,146.842,146.886,29,0,45
2025.09.18,00:49:00,146.886,146.886,146.870,146.880,19,0,33
2025.09.18,00:50:00,146.880,146.884,146.877,146.882,16,0,65
2025.09.18,00:51:00,146.882,146.882,146.879,146.879,11,0,68
2025.09.18,00:52:00,146.880,146.881,146.874,146.879,9,0,69
2025.09.18,00:53:00,146.879,146.919,146.876,146.899,32,0,36
2025.09.18,00:54:00,146.911,146.911,146.882,146.911,17,0,26
2025.09.18,00:55:00,146.911,146.911,146.881,146.902,18,0,32
2025.09.18,00:56:00,146.903,146.910,146.884,146.884,16,0,28
2025.09.18,00:57:00,146.884,146.928,146.869,146.922,34,0,47
2025.09.18,00:58:00,146.922,146.936,146.914,146.930,12,0,41
2025.09.18,00:59:00,146.930,146.945,146.874,146.928,33,0,27
2025.09.18,01:00:00,146.931,146.960,146.915,146.925,89,0,5
2025.09.18,01:01:00,146.932,146.943,146.922,146.935,55,0,0
2025.09.18,01:02:00,146.935,146.955,146.934,146.945,34,0,0
2025.09.18,01:03:00,146.947,146.948,146.938,146.939,34,0,0
2025.09.18,01:04:00,146.939,146.947,146.939,146.945,16,0,1
2025.09.18,01:05:00,146.949,146.957,146.949,146.957,23,0,0
2025.09.18,01:06:00,146.957,146.977,146.957,146.972,26,0,0
2025.09.18,01:07:00,146.977,146.988,146.975,146.975,34,0,1
2025.09.18,01:08:00,146.976,146.977,146.948,146.950,36,0,0
2025.09.18,01:09:00,146.958,146.975,146.958,146.974,21,0,0
2025.09.18,01:10:00,146.980,146.986,146.959,146.959,33,0,0
2025.09.18,01:11:00,146.959,146.959,146.936,146.940,33,0,1
2025.09.18,01:12:00,146.941,146.944,146.931,146.932,14,0,0
2025.09.18,01:13:00,146.937,146.939,146.926,146.938,15,0,0
2025.09.18,01:14:00,146.938,146.951,146.927,146.944,19,0,0
2025.09.18,01:15:00,146.951,146.956,146.949,146.953,29,0,0
2025.09.18,01:16:00,146.953,146.953,146.947,146.953,42,0,1
2025.09.18,01:17:00,146.957,146.957,146.940,146.951,37,0,0
2025.09.18,01:18:00,146.952,146.953,146.940,146.953,30,0,0
2025.09.18,01:19:00,146.953,146.954,146.944,146.945,24,0,0
2025.09.18,01:20:00,146.945,146.949,146.937,146.939,25,0,0
2025.09.18,01:21:00,146.940,146.949,146.936,146.943,22,0,0
2025.09.18,01:22:00,146.942,146.963,146.942,146.953,45,0,1
2025.09.18,01:23:00,146.953,146.953,146.934,146.935,19,0,0
2025.09.18,01:24:00,146.935,146.941,146.905,146.905,41,0,0
2025.09.18,01:25:00,146.905,146.919,146.894,146.917,40,0,0
2025.09.18,01:26:00,146.917,146.923,146.895,146.897,25,0,0
2025.09.18,01:27:00,146.897,146.900,146.892,146.893,34,0,1
2025.09.18,01:28:00,146.894,146.894,146.871,146.885,38,0,0
2025.09.18,01:29:00,146.885,146.895,146.884,146.887,28,0,0
2025.09.18,01:30:00,146.886,146.894,146.883,146.885,49,0,0
2025.09.18,01:31:00,146.886,146.896,146.879,146.884,62,0,0
2025.09.18,01:32:00,146.885,146.897,146.872,146.873,27,0,0
2025.09.18,01:33:00,146.871,146.888,146.860,146.865,39,0,1
2025.09.18,01:34:00,146.865,146.865,146.843,146.843,89,0,0
2025.09.18,01:35:00,146.844,146.862,146.844,146.848,37,0,0
2025.09.18,01:36:00,146.848,146.849,146.820,146.829,63,0,0
2025.09.18,01:37:00,146.829,146.844,146.827,146.843,50,0,0
2025.09.18,01:38:00,146.844,146.851,146.825,146.828,43,0,0
2025.09.18,01:39:00,146.829,146.833,146.816,146.822,37,0,1
2025.09.18,01:40:00,146.822,146.832,146.821,146.822,49,0,0
2025.09.18,01:41:00,146.822,146.822,146.809,146.812,19,0,1
2025.09.18,01:42:00,146.814,146.814,146.812,146.813,13,0,1
2025.09.18,01:43:00,146.812,146.813,146.807,146.808,29,0,1
2025.09.18,01:44:00,146.808,146.811,146.798,146.802,28,0,0
2025.09.18,01:45:00,146.804,146.838,146.804,146.807,55,0,0
2025.09.18,01:46:00,146.803,146.826,146.796,146.814,84,0,0
2025.09.18,01:47:00,146.813,146.833,146.810,146.823,59,0,1
2025.09.18,01:48:00,146.823,146.865,146.823,146.852,70,0,0
2025.09.18,01:49:00,146.843,146.867,146.839,146.862,53,0,1
2025.09.18,01:50:00,146.863,146.870,146.843,146.862,83,0,0
2025.09.18,01:51:00,146.863,146.863,146.843,146.850,35,0,0
2025.09.18,01:52:00,146.847,146.865,146.845,146.858,42,0,0
2025.09.18,01:53:00,146.857,146.862,146.842,146.842,47,0,0
2025.09.18,01:54:00,146.842,146.856,146.839,146.856,45,0,0
2025.09.18,01:55:00,146.856,146.856,146.839,146.839,32,0,0
2025.09.18,01:56:00,146.840,146.853,146.829,146.829,51,0,1
2025.09.18,01:57:00,146.829,146.837,146.827,146.836,35,0,0
2025.09.18,01:58:00,146.836,146.846,146.833,146.846,45,0,0
2025.09.18,01:59:00,146.846,146.856,146.836,146.842,41,0,0
2025.09.18,02:00:00,146.839,146.863,146.825,146.832,62,0,0
2025.09.18,02:01:00,146.832,146.844,146.829,146.829,41,0,0
2025.09.18,02:02:00,146.830,146.835,146.817,146.818,25,0,0
2025.09.18,02:03:00,146.818,146.841,146.817,146.817,50,0,0
2025.09.18,02:04:00,146.817,146.825,146.816,146.821,27,0,0
2025.09.18,02:05:00,146.817,146.817,146.791,146.802,31,0,0
2025.09.18,02:06:00,146.802,146.812,146.800,146.811,24,0,0
2025.09.18,02:07:00,146.811,146.821,146.798,146.798,28,0,0
2025.09.18,02:08:00,146.798,146.799,146.786,146.796,28,0,1
2025.09.18,02:09:00,146.795,146.833,146.790,146.832,42,0,0
2025.09.18,02:10:00,146.833,146.840,146.816,146.819,34,0,0
2025.09.18,02:11:00,146.819,146.822,146.786,146.795,56,0,0
2025.09.18,02:12:00,146.801,146.807,146.777,146.777,50,0,0
2025.09.18,02:13:00,146.778,146.784,146.769,146.778,52,0,0
2025.09.18,02:14:00,146.778,146.786,146.777,146.781,45,0,0
2025.09.18,02:15:00,146.784,146.791,146.775,146.788,36,0,0
2025.09.18,02:16:00,146.789,146.807,146.787,146.795,51,0,0
2025.09.18,02:17:00,146.795,146.808,146.785,146.801,53,0,0
2025.09.18,02:18:00,146.801,146.807,146.789,146.806,69,0,0
2025.09.18,02:19:00,146.803,146.807,146.797,146.804,54,0,0
2025.09.18,02:20:00,146.804,146.804,146.791,146.802,36,0,0
2025.09.18,02:21:00,146.803,146.808,146.798,146.801,42,0,0
2025.09.18,02:22:00,146.801,146.837,146.787,146.826,45,0,1
2025.09.18,02:23:00,146.826,146.837,146.826,146.836,34,0,0
2025.09.18,02:24:00,146.836,146.846,146.831,146.846,26,0,1
2025.09.18,02:25:00,146.846,146.874,146.844,146.844,50,0,0
2025.09.18,02:26:00,146.843,146.869,146.843,146.849,46,0,0
2025.09.18,02:27:00,146.848,146.857,146.833,146.853,61,0,0
2025.09.18,02:28:00,146.853,146.888,146.853,146.873,53,0,0
2025.09.18,02:29:00,146.873,146.874,146.854,146.856,34,0,0
2025.09.18,02:30:00,146.856,146.856,146.831,146.843,80,0,0
2025.09.18,02:31:00,146.843,146.878,146.843,146.878,45,0,1
2025.09.18,02:32:00,146.878,146.887,146.875,146.877,28,0,0
2025.09.18,02:33:00,146.877,146.877,146.872,146.874,23,0,0
2025.09.18,02:34:00,146.874,146.883,146.870,146.870,41,0,0
2025.09.18,02:35:00,146.870,146.908,146.870,146.903,66,0,0
2025.09.18,02:36:00,146.903,146.908,146.886,146.886,43,0,0
2025.09.18,02:37:00,146.886,146.886,146.842,146.842,65,0,0
2025.09.18,02:38:00,146.842,146.869,146.842,146.868,53,0,0
2025.09.18,02:39:00,146.852,146.855,146.841,146.847,53,0,1
2025.09.18,02:40:00,146.851,146.852,146.844,146.845,32,0,0
2025.09.18,02:41:00,146.845,146.851,146.837,146.845,42,0,0
2025.09.18,02:42:00,146.845,146.845,146.781,146.787,72,0,0
2025.09.18,02:43:00,146.787,146.804,146.777,146.777,61,0,0
2025.09.18,02:44:00,146.777,146.806,146.776,146.805,46,0,0
2025.09.18,02:45:00,146.804,146.825,146.800,146.824,48,0,0
2025.09.18,02:46:00,146.823,146.833,146.812,146.832,43,0,0
2025.09.18,02:47:00,146.833,146.838,146.827,146.837,25,0,0
2025.09.18,02:48:00,146.837,146.846,146.818,146.822,67,0,0
2025.09.18,02:49:00,146.822,146.846,146.821,146.841,29,0,0
2025.09.18,02:50:00,146.836,146.845,146.831,146.844,18,0,0
2025.09.18,02:51:00,146.844,146.866,146.842,146.866,20,0,1
2025.09.18,02:52:00,146.867,146.885,146.862,146.878,75,0,0
2025.09.18,02:53:00,146.878,146.878,146.864,146.864,32,0,1
2025.09.18,02:54:00,146.861,146.873,146.856,146.872,47,0,0
2025.09.18,02:55:00,146.873,146.876,146.851,146.866,72,0,0
2025.09.18,02:56:00,146.866,146.873,146.836,146.842,86,0,0
2025.09.18,02:57:00,146.842,146.887,146.830,146.884,88,0,0
2025.09.18,02:58:00,146.884,146.908,146.877,146.885,92,0,0
2025.09.18,02:59:00,146.885,146.891,146.875,146.885,59,0,0
2025.09.18,03:00:00,146.884,146.937,146.873,146.937,117,0,0
2025.09.18,03:01:00,146.935,146.951,146.928,146.932,127,0,0
2025.09.18,03:02:00,146.932,146.932,146.870,146.912,148,0,0
2025.09.18,03:03:00,146.912,146.935,146.897,146.897,126,0,0
2025.09.18,03:04:00,146.896,146.947,146.873,146.947,100,0,0
2025.09.18,03:05:00,146.947,146.981,146.933,146.952,98,0,0
2025.09.18,03:06:00,146.956,146.975,146.941,146.961,84,0,0
2025.09.18,03:07:00,146.959,146.987,146.955,146.966,119,0,0
2025.09.18,03:08:00,146.966,146.976,146.958,146.971,80,0,0
2025.09.18,03:09:00,146.967,146.979,146.950,146.977,96,0,0
2025.09.18,03:10:00,146.978,147.007,146.976,146.984,102,0,0
2025.09.18,03:11:00,146.985,146.995,146.960,146.965,109,0,0
2025.09.18,03:12:00,146.965,146.972,146.943,146.947,74,0,0
2025.09.18,03:13:00,146.946,146.988,146.941,146.977,65,0,0
2025.09.18,03:14:00,146.977,146.995,146.974,146.976,71,0,0
2025.09.18,03:15:00,146.978,146.982,146.952,146.954,58,0,0
2025.09.18,03:16:00,146.954,146.971,146.951,146.971,57,0,0
2025.09.18,03:17:00,146.972,146.982,146.961,146.961,61,0,0
2025.09.18,03:18:00,146.965,146.993,146.955,146.993,59,0,0
2025.09.18,03:19:00,146.993,147.030,146.970,146.970,108,0,0
2025.09.18,03:20:00,146.973,146.975,146.932,146.955,88,0,0
2025.09.18,03:21:00,146.955,146.968,146.945,146.966,80,0,0
2025.09.18,03:22:00,146.967,146.968,146.921,146.927,75,0,0
2025.09.18,03:23:00,146.927,146.931,146.897,146.898,86,0,0
2025.09.18,03:24:00,146.899,146.911,146.897,146.910,51,0,0
2025.09.18,03:25:00,146.910,146.914,146.886,146.894,64,0,0
2025.09.18,03:26:00,146.894,146.900,146.869,146.872,98,0,0
2025.09.18,03:27:00,146.875,146.904,146.872,146.893,76,0,0
2025.09.18,03:28:00,146.893,146.923,146.893,146.916,58,0,0
2025.09.18,03:29:00,146.921,146.955,146.920,146.951,87,0,0
2025.09.18,03:30:00,146.952,146.968,146.944,146.967,94,0,0
2025.09.18,03:31:00,146.967,146.967,146.938,146.952,90,0,0
2025.09.18,03:32:00,146.953,146.987,146.952,146.973,103,0,0
2025.09.18,03:33:00,146.975,146.976,146.953,146.962,53,0,0
2025.09.18,03:34:00,146.962,146.964,146.899,146.910,95,0,0
2025.09.18,03:35:00,146.911,146.945,146.909,146.918,84,0,0
2025.09.18,03:36:00,146.920,146.939,146.916,146.932,75,0,0
2025.09.18,03:37:00,146.932,146.944,146.920,146.930,92,0,0
2025.09.18,03:38:00,146.930,146.946,146.919,146.923,48,0,0
2025.09.18,03:39:00,146.923,146.933,146.920,146.929,61,0,0
2025.09.18,03:40:00,146.930,146.932,146.920,146.927,54,0,0
2025.09.18,03:41:00,146.927,146.964,146.926,146.956,78,0,0
2025.09.18,03:42:00,146.957,146.962,146.933,146.936,72,0,0
2025.09.18,03:43:00,146.937,146.945,146.934,146.941,36,0,0
2025.09.18,03:44:00,146.941,146.947,146.929,146.932,72,0,0
2025.09.18,03:45:00,146.932,146.953,146.929,146.952,78,0,0
2025.09.18,03:46:00,146.952,146.956,146.938,146.941,90,0,0
2025.09.18,03:47:00,146.942,146.947,146.925,146.928,79,0,0
2025.09.18,03:48:00,146.928,146.930,146.884,146.896,88,0,0
2025.09.18,03:49:00,146.897,146.912,146.890,146.911,65,0,0
2025.09.18,03:50:00,146.911,146.930,146.901,146.930,74,0,0
2025.09.18,03:51:00,146.931,146.931,146.891,146.892,77,0,0
2025.09.18,03:52:00,146.892,146.898,146.872,146.898,76,0,0
2025.09.18,03:53:00,146.896,146.897,146.854,146.880,98,0,0
2025.09.18,03:54:00,146.880,146.905,146.861,146.898,169,0,0
2025.09.18,03:55:00,146.894,146.917,146.893,146.905,107,0,0
2025.09.18,03:56:00,146.905,146.915,146.901,146.902,100,0,0
2025.09.18,03:57:00,146.902,146.919,146.901,146.906,69,0,0
2025.09.18,03:58:00,146.907,146.930,146.903,146.922,75,0,0
2025.09.18,03:59:00,146.920,146.921,146.901,146.916,79,0,0
2025.09.18,04:00:00,146.915,146.915,146.847,146.877,118,0,0
2025.09.18,04:01:00,146.877,146.908,146.875,146.889,100,0,0
2025.09.18,04:02:00,146.890,146.909,146.887,146.902,97,0,0
2025.09.18,04:03:00,146.902,146.919,146.899,146.911,89,0,0
2025.09.18,04:04:00,146.920,146.944,146.915,146.927,104,0,0
2025.09.18,04:05:00,146.928,146.986,146.928,146.972,118,0,0
2025.09.18,04:06:00,146.972,147.026,146.970,147.002,131,0,0
2025.09.18,04:07:00,147.003,147.003,146.979,146.995,69,0,0
2025.09.18,04:08:00,146.995,146.996,146.972,146.978,78,0,0
2025.09.18,04:09:00,146.977,147.064,146.976,147.064,128,0,0
2025.09.18,04:10:00,147.063,147.068,147.016,147.058,118,0,0
2025.09.18,04:11:00,147.057,147.069,147.045,147.046,104,0,0
2025.09.18,04:12:00,147.044,147.052,147.030,147.035,87,0,0
2025.09.18,04:13:00,147.033,147.060,147.024,147.058,124,0,0
2025.09.18,04:14:00,147.058,147.080,147.040,147.079,90,0,0
2025.09.18,04:15:00,147.079,147.126,147.059,147.118,157,0,0
2025.09.18,04:16:00,147.120,147.140,147.113,147.115,137,0,0
2025.09.18,04:17:00,147.115,147.132,147.086,147.095,114,0,0
2025.09.18,04:18:00,147.094,147.116,147.093,147.102,95,0,0
2025.09.18,04:19:00,147.102,147.115,147.092,147.112,84,0,0
2025.09.18,04:20:00,147.115,147.123,147.098,147.120,92,0,0
2025.09.18,04:21:00,147.120,147.146,147.120,147.137,75,0,0
2025.09.18,04:22:00,147.137,147.143,147.108,147.109,60,0,0
2025.09.18,04:23:00,147.108,147.129,147.108,147.113,57,0,0
2025.09.18,04:24:00,147.113,147.119,147.100,147.104,58,0,0
2025.09.18,04:25:00,147.101,147.102,147.067,147.075,88,0,0
2025.09.18,04:26:00,147.075,147.075,147.066,147.068,40,0,0
2025.09.18,04:27:00,147.068,147.068,147.034,147.034,56,0,0
2025.09.18,04:28:00,147.035,147.035,147.021,147.025,67,0,0
2025.09.18,04:29:00,147.025,147.065,147.025,147.053,63,0,0
2025.09.18,04:30:00,147.053,147.067,147.042,147.058,134,0,0
2025.09.18,04:31:00,147.059,147.086,147.052,147.085,129,0,0
2025.09.18,04:32:00,147.085,147.089,147.070,147.077,100,0,0
2025.09.18,04:33:00,147.077,147.094,147.055,147.058,120,0,0
2025.09.18,04:34:00,147.058,147.058,147.040,147.049,68,0,1
2025.09.18,04:35:00,147.049,147.056,147.024,147.045,109,0,0
2025.09.18,04:36:00,147.046,147.089,147.046,147.082,136,0,0
2025.09.18,04:37:00,147.081,147.092,147.058,147.086,108,0,0
2025.09.18,04:38:00,147.086,147.106,147.072,147.072,103,0,0
2025.09.18,04:39:00,147.071,147.074,147.037,147.043,127,0,0
2025.09.18,04:40:00,147.043,147.062,147.029,147.050,98,0,0
2025.09.18,04:41:00,147.050,147.064,147.039,147.050,61,0,0
2025.09.18,04:42:00,147.050,147.074,147.050,147.056,53,0,0
2025.09.18,04:43:00,147.057,147.077,147.054,147.063,101,0,0
2025.09.18,04:44:00,147.061,147.077,147.060,147.076,82,0,0
2025.09.18,04:45:00,147.076,147.088,147.071,147.076,72,0,0
2025.09.18,04:46:00,147.075,147.083,147.068,147.073,48,0,0
2025.09.18,04:47:00,147.072,147.095,147.071,147.094,72,0,0
2025.09.18,04:48:00,147.094,147.105,147.093,147.105,74,0,0
2025.09.18,04:49:00,147.104,147.125,147.098,147.123,58,0,0
2025.09.18,04:50:00,147.123,147.129,147.100,147.112,87,0,0
2025.09.18,04:51:00,147.110,147.112,147.096,147.110,70,0,0
2025.09.18,04:52:00,147.111,147.115,147.101,147.113,49,0,0
2025.09.18,04:53:00,147.114,147.123,147.100,147.123,81,0,0
2025.09.18,04:54:00,147.123,147.139,147.119,147.119,53,0,0
2025.09.18,04:55:00,147.119,147.119,147.102,147.105,51,0,0
2025.09.18,04:56:00,147.116,147.133,147.116,147.117,60,0,0
2025.09.18,04:57:00,147.118,147.121,147.096,147.096,70,0,0
2025.09.18,04:58:00,147.096,147.096,147.061,147.063,115,0,0
2025.09.18,04:59:00,147.063,147.067,147.022,147.022,96,0,0
2025.09.18,05:00:00,147.023,147.023,146.996,147.008,116,0,0
2025.09.18,05:01:00,147.008,147.032,147.002,147.023,69,0,0
2025.09.18,05:02:00,147.024,147.036,147.015,147.034,62,0,0
2025.09.18,05:03:00,147.034,147.044,147.032,147.042,27,0,0
2025.09.18,05:04:00,147.042,147.042,147.033,147.034,32,0,0
2025.09.18,05:05:00,147.034,147.056,147.032,147.056,88,0,0
2025.09.18,05:06:00,147.056,147.069,147.054,147.063,70,0,0
2025.09.18,05:07:00,147.063,147.070,147.061,147.068,34,0,0
2025.09.18,05:08:00,147.068,147.070,147.047,147.064,91,0,0
2025.09.18,05:09:00,147.065,147.066,147.042,147.062,60,0,0
2025.09.18,05:10:00,147.062,147.062,147.030,147.032,66,0,0
2025.09.18,05:11:00,147.030,147.033,147.013,147.028,57,0,0
2025.09.18,05:12:00,147.028,147.043,147.023,147.035,73,0,0
2025.09.18,05:13:00,147.035,147.040,147.019,147.024,53,0,0
2025.09.18,05:14:00,147.024,147.049,147.024,147.048,59,0,0
2025.09.18,05:15:00,147.048,147.057,147.021,147.024,42,0,0
2025.09.18,05:16:00,147.025,147.040,147.025,147.027,29,0,0
2025.09.18,05:17:00,147.026,147.042,147.023,147.038,57,0,0
2025.09.18,05:18:00,147.038,147.041,147.036,147.039,16,0,0
2025.09.18,05:19:00,147.039,147.050,147.033,147.038,29,0,0
2025.09.18,05:20:00,147.037,147.040,147.024,147.028,48,0,0
2025.09.18,05:21:00,147.028,147.030,146.999,147.004,62,0,0
2025.09.18,05:22:00,147.005,147.012,146.998,146.998,33,0,0
2025.09.18,05:23:00,146.997,146.997,146.964,146.973,50,0,0
2025.09.18,05:24:00,146.973,146.995,146.971,146.994,46,0,0
2025.09.18,05:25:00,146.994,146.995,146.963,146.963,67,0,0
2025.09.18,05:26:00,146.963,146.963,146.949,146.957,51,0,0
2025.09.18,05:27:00,146.956,146.973,146.955,146.973,50,0,0
2025.09.18,05:28:00,146.976,146.987,146.975,146.980,46,0,0
2025.09.18,05:29:00,146.980,146.984,146.973,146.981,57,0,0
2025.09.18,05:30:00,146.981,146.992,146.975,146.984,70,0,0
2025.09.18,05:31:00,146.984,146.996,146.984,146.995,35,0,0
2025.09.18,05:32:00,146.995,147.006,146.991,146.992,56,0,0
2025.09.18,05:33:00,146.992,147.008,146.992,147.008,40,0,0
2025.09.18,05:34:00,147.006,147.022,147.002,147.003,42,0,0
2025.09.18,05:35:00,147.003,147.006,146.994,147.004,49,0,0
2025.09.18,05:36:00,147.003,147.016,147.003,147.004,62,0,0
2025.09.18,05:37:00,147.004,147.009,146.999,147.004,46,0,0
2025.09.18,05:38:00,147.003,147.014,146.985,146.990,42,0,0
2025.09.18,05:39:00,146.988,146.992,146.981,146.983,33,0,0
2025.09.18,05:40:00,146.983,146.995,146.983,146.992,34,0,0
2025.09.18,05:41:00,146.992,147.015,146.992,147.015,41,0,0
2025.09.18,05:42:00,147.014,147.018,146.989,146.994,43,0,0
2025.09.18,05:43:00,146.994,146.996,146.992,146.995,16,0,0
2025.09.18,05:44:00,146.995,147.007,146.992,147.004,27,0,0
2025.09.18,05:45:00,147.002,147.006,147.002,147.005,29,0,1
2025.09.18,05:46:00,147.005,147.005,146.974,146.974,35,0,0
2025.09.18,05:47:00,146.974,146.976,146.947,146.953,66,0,0
2025.09.18,05:48:00,146.952,146.964,146.926,146.940,83,0,0
2025.09.18,05:49:00,146.940,146.943,146.927,146.928,53,0,0
2025.09.18,05:50:00,146.928,146.939,146.925,146.927,44,0,1
2025.09.18,05:51:00,146.926,146.936,146.913,146.913,45,0,0
2025.09.18,05:52:00,146.910,146.918,146.900,146.915,41,0,0
2025.09.18,05:53:00,146.915,146.923,146.915,146.917,26,0,0
2025.09.18,05:54:00,146.917,146.917,146.904,146.908,54,0,0
2025.09.18,05:55:00,146.906,146.909,146.897,146.906,24,0,0
2025.09.18,05:56:00,146.906,146.910,146.905,146.908,15,0,1
2025.09.18,05:57:00,146.908,146.909,146.903,146.904,26,0,1
2025.09.18,05:58:00,146.904,146.907,146.903,146.905,17,0,0
2025.09.18,05:59:00,146.905,146.906,146.900,146.905,25,0,0
2025.09.18,06:00:00,146.906,146.906,146.853,146.854,62,0,0
2025.09.18,06:01:00,146.854,146.886,146.852,146.885,84,0,0
2025.09.18,06:02:00,146.886,146.909,146.884,146.907,75,0,0
2025.09.18,06:03:00,146.907,146.914,146.904,146.904,41,0,0
2025.09.18,06:04:00,146.906,146.933,146.906,146.931,78,0,0
2025.09.18,06:05:00,146.932,146.936,146.927,146.934,60,0,0
2025.09.18,06:06:00,146.934,146.943,146.911,146.912,26,0,1
2025.09.18,06:07:00,146.913,146.934,146.913,146.930,45,0,0
2025.09.18,06:08:00,146.930,146.946,146.930,146.942,53,0,0
2025.09.18,06:09:00,146.941,146.943,146.936,146.937,36,0,0
2025.09.18,06:10:00,146.937,146.939,146.922,146.926,36,0,0
2025.09.18,06:11:00,146.926,146.931,146.924,146.931,21,0,0
2025.09.18,06:12:00,146.931,146.933,146.911,146.915,41,0,0
2025.09.18,06:13:00,146.916,146.922,146.904,146.910,30,0,0
2025.09.18,06:14:00,146.910,146.927,146.910,146.927,29,0,0
2025.09.18,06:15:00,146.926,146.936,146.920,146.929,53,0,0
2025.09.18,06:16:00,146.929,146.944,146.928,146.944,39,0,0
2025.09.18,06:17:00,146.947,146.948,146.934,146.937,45,0,0
2025.09.18,06:18:00,146.938,146.943,146.927,146.937,52,0,0
2025.09.18,06:19:00,146.939,146.948,146.933,146.940,42,0,0
2025.09.18,06:20:00,146.941,146.943,146.938,146.940,37,0,0
2025.09.18,06:21:00,146.940,146.940,146.927,146.928,23,0,0
2025.09.18,06:22:00,146.929,146.944,146.928,146.938,48,0,1
2025.09.18,06:23:00,146.938,146.954,146.928,146.953,46,0,0
2025.09.18,06:24:00,146.953,146.955,146.951,146.954,11,0,0
2025.09.18,06:25:00,146.954,146.956,146.953,146.956,18,0,1
2025.09.18,06:26:00,146.956,146.965,146.956,146.965,18,0,0
2025.09.18,06:27:00,146.965,146.974,146.964,146.965,44,0,0
2025.09.18,06:28:00,146.965,146.980,146.965,146.979,40,0,0
2025.09.18,06:29:00,146.983,146.984,146.974,146.976,23,0,0
2025.09.18,06:30:00,146.974,146.988,146.972,146.984,36,0,0
2025.09.18,06:31:00,146.984,146.987,146.984,146.984,24,0,0
2025.09.18,06:32:00,146.985,146.986,146.973,146.976,33,0,0
2025.09.18,06:33:00,146.976,146.986,146.972,146.974,16,0,0
2025.09.18,06:34:00,146.974,146.975,146.962,146.964,18,0,1
2025.09.18,06:35:00,146.964,146.985,146.964,146.984,25,0,0
2025.09.18,06:36:00,146.983,146.983,146.957,146.963,51,0,0
2025.09.18,06:37:00,146.963,146.977,146.963,146.967,26,0,0
2025.09.18,06:38:00,146.968,146.982,146.967,146.974,35,0,0
2025.09.18,06:39:00,146.975,146.993,146.973,146.983,44,0,0
2025.09.18,06:40:00,146.983,146.986,146.978,146.983,24,0,1
2025.09.18,06:41:00,146.983,146.989,146.983,146.986,31,0,1
2025.09.18,06:42:00,146.986,146.995,146.986,146.994,18,0,1
2025.09.18,06:43:00,146.994,147.000,146.992,146.998,34,0,1
2025.09.18,06:44:00,146.996,147.003,146.994,146.998,27,0,1
2025.09.18,06:45:00,147.000,147.001,146.982,146.983,51,0,0
2025.09.18,06:46:00,146.983,146.987,146.982,146.985,28,0,1
2025.09.18,06:47:00,146.985,147.005,146.985,147.001,48,0,0
2025.09.18,06:48:00,147.002,147.016,147.002,147.016,31,0,1
2025.09.18,06:49:00,147.016,147.037,147.015,147.035,51,0,0
2025.09.18,06:50:00,147.036,147.040,147.029,147.038,33,0,0
2025.09.18,06:51:00,147.038,147.038,147.002,147.004,35,0,0
2025.09.18,06:52:00,147.004,147.007,147.001,147.004,17,0,1
2025.09.18,06:53:00,147.004,147.021,146.994,147.007,34,0,0
2025.09.18,06:54:00,147.007,147.015,147.002,147.015,32,0,0
2025.09.18,06:55:00,147.018,147.020,147.014,147.014,44,0,0
2025.09.18,06:56:00,147.015,147.036,147.014,147.036,55,0,0
2025.09.18,06:57:00,147.037,147.038,147.033,147.034,50,0,0
2025.09.18,06:58:00,147.034,147.051,147.034,147.047,72,0,0
2025.09.18,06:59:00,147.047,147.054,147.044,147.051,43,0,0
2025.09.18,07:00:00,147.051,147.069,147.049,147.068,78,0,0
2025.09.18,07:01:00,147.068,147.071,147.056,147.069,48,0,0
2025.09.18,07:02:00,147.069,147.092,147.069,147.090,55,0,0
2025.09.18,07:03:00,147.090,147.092,147.077,147.079,52,0,0
2025.09.18,07:04:00,147.080,147.092,147.078,147.089,36,0,0
2025.09.18,07:05:00,147.089,147.090,147.057,147.057,36,0,0
2025.09.18,07:06:00,147.058,147.059,147.045,147.057,45,0,0
2025.09.18,07:07:00,147.057,147.062,147.052,147.060,41,0,0
2025.09.18,07:08:00,147.060,147.060,147.055,147.057,21,0,1
2025.09.18,07:09:00,147.057,147.065,147.052,147.063,26,0,0
2025.09.18,07:10:00,147.064,147.070,147.055,147.069,31,0,0
2025.09.18,07:11:00,147.069,147.100,147.068,147.095,44,0,0
2025.09.18,07:12:00,147.095,147.108,147.075,147.076,64,0,0
2025.09.18,07:13:00,147.077,147.082,147.057,147.057,51,0,0
2025.09.18,07:14:00,147.058,147.068,147.051,147.068,42,0,0
2025.09.18,07:15:00,147.067,147.080,147.067,147.073,27,0,0
2025.09.18,07:16:00,147.073,147.074,147.044,147.046,36,0,0
2025.09.18,07:17:00,147.046,147.057,147.043,147.057,32,0,0
2025.09.18,07:18:00,147.057,147.071,147.057,147.066,45,0,0
2025.09.18,07:19:00,147.066,147.077,147.060,147.061,49,0,0
2025.09.18,07:20:00,147.061,147.073,147.061,147.070,49,0,0
2025.09.18,07:21:00,147.070,147.080,147.068,147.077,46,0,0
2025.09.18,07:22:00,147.077,147.105,147.077,147.096,50,0,0
2025.09.18,07:23:00,147.097,147.112,147.097,147.110,31,0,0
2025.09.18,07:24:00,147.111,147.121,147.110,147.116,57,0,0
2025.09.18,07:25:00,147.116,147.121,147.110,147.112,16,0,0
2025.09.18,07:26:00,147.112,147.137,147.112,147.129,53,0,0
2025.09.18,07:27:00,147.129,147.129,147.111,147.120,73,0,0
2025.09.18,07:28:00,147.120,147.121,147.116,147.119,25,0,0
2025.09.18,07:29:00,147.119,147.136,147.119,147.128,43,0,0
2025.09.18,07:30:00,147.128,147.134,147.115,147.120,49,0,0
2025.09.18,07:31:00,147.120,147.120,147.109,147.113,45,0,1
2025.09.18,07:32:00,147.114,147.127,147.112,147.124,32,0,1
2025.09.18,07:33:00,147.124,147.134,147.123,147.132,30,0,1
2025.09.18,07:34:00,147.133,147.164,147.128,147.162,92,0,0
2025.09.18,07:35:00,147.161,147.175,147.161,147.165,45,0,0
2025.09.18,07:36:00,147.165,147.172,147.155,147.158,50,0,0
2025.09.18,07:37:00,147.158,147.163,147.148,147.151,47,0,0
2025.09.18,07:38:00,147.152,147.158,147.134,147.151,51,0,0
2025.09.18,07:39:00,147.151,147.155,147.150,147.153,28,0,1
2025.09.18,07:40:00,147.153,147.155,147.150,147.150,22,0,0
2025.09.18,07:41:00,147.152,147.156,147.136,147.138,45,0,0
2025.09.18,07:42:00,147.138,147.138,147.131,147.133,29,0,0
2025.09.18,07:43:00,147.129,147.151,147.129,147.148,38,0,0
2025.09.18,07:44:00,147.148,147.159,147.148,147.157,47,0,0
2025.09.18,07:45:00,147.160,147.174,147.160,147.164,38,0,1
2025.09.18,07:46:00,147.164,147.174,147.161,147.169,52,0,0
2025.09.18,07:47:00,147.170,147.173,147.159,147.170,40,0,0
2025.09.18,07:48:00,147.171,147.177,147.170,147.175,42,0,1
2025.09.18,07:49:00,147.175,147.197,147.174,147.197,28,0,0
2025.09.18,07:50:00,147.200,147.200,147.167,147.172,85,0,0
2025.09.18,07:51:00,147.171,147.196,147.169,147.191,64,0,0
2025.09.18,07:52:00,147.191,147.195,147.184,147.189,48,0,0
2025.09.18,07:53:00,147.189,147.195,147.187,147.191,27,0,1
2025.09.18,07:54:00,147.191,147.192,147.169,147.192,42,0,0
2025.09.18,07:55:00,147.192,147.192,147.185,147.189,38,0,0
2025.09.18,07:56:00,147.189,147.209,147.183,147.202,55,0,0
2025.09.18,07:57:00,147.202,147.220,147.198,147.210,89,0,0
2025.09.18,07:58:00,147.210,147.211,147.201,147.204,49,0,0
2025.09.18,07:59:00,147.205,147.213,147.204,147.207,31,0,1
2025.09.18,08:00:00,147.208,147.220,147.207,147.214,51,0,0
2025.09.18,08:01:00,147.215,147.241,147.213,147.239,68,0,0
2025.09.18,08:02:00,147.238,147.240,147.223,147.227,32,0,0
2025.09.18,08:03:00,147.226,147.227,147.206,147.209,74,0,0
2025.09.18,08:04:00,147.209,147.214,147.197,147.199,75,0,0
2025.09.18,08:05:00,147.194,147.200,147.173,147.200,78,0,0
2025.09.18,08:06:00,147.199,147.218,147.199,147.218,58,0,0
2025.09.18,08:07:00,147.219,147.230,147.217,147.230,43,0,0
2025.09.18,08:08:00,147.231,147.233,147.221,147.232,41,0,0
2025.09.18,08:09:00,147.232,147.238,147.226,147.230,21,0,1
2025.09.18,08:10:00,147.236,147.237,147.225,147.230,35,0,0
2025.09.18,08:11:00,147.230,147.238,147.230,147.235,17,0,1
2025.09.18,08:12:00,147.235,147.247,147.235,147.247,32,0,0
2025.09.18,08:13:00,147.247,147.250,147.246,147.249,27,0,0
2025.09.18,08:14:00,147.249,147.250,147.236,147.247,38,0,0
2025.09.18,08:15:00,147.247,147.247,147.220,147.224,31,0,0
2025.09.18,08:16:00,147.224,147.228,147.220,147.222,47,0,0
2025.09.18,08:17:00,147.222,147.237,147.219,147.224,53,0,0
2025.09.18,08:18:00,147.225,147.244,147.224,147.234,45,0,0
2025.09.18,08:19:00,147.235,147.235,147.227,147.229,23,0,0
2025.09.18,08:20:00,147.229,147.229,147.225,147.227,31,0,0
2025.09.18,08:21:00,147.221,147.238,147.220,147.237,50,0,0
2025.09.18,08:22:00,147.238,147.245,147.235,147.242,25,0,0
2025.09.18,08:23:00,147.245,147.256,147.244,147.248,32,0,0
2025.09.18,08:24:00,147.241,147.241,147.232,147.238,43,0,0
2025.09.18,08:25:00,147.238,147.240,147.224,147.226,37,0,1
2025.09.18,08:26:00,147.227,147.228,147.209,147.215,68,0,0
2025.09.18,08:27:00,147.216,147.220,147.212,147.219,17,0,1
2025.09.18,08:28:00,147.219,147.221,147.180,147.183,60,0,0
2025.09.18,08:29:00,147.180,147.202,147.180,147.200,60,0,0
2025.09.18,08:30:00,147.200,147.201,147.190,147.193,42,0,0
2025.09.18,08:31:00,147.193,147.202,147.182,147.199,63,0,0
2025.09.18,08:32:00,147.198,147.229,147.198,147.206,79,0,0
2025.09.18,08:33:00,147.207,147.213,147.201,147.202,34,0,0
2025.09.18,08:34:00,147.203,147.217,147.203,147.216,38,0,0
2025.09.18,08:35:00,147.215,147.236,147.215,147.234,62,0,0
2025.09.18,08:36:00,147.234,147.240,147.227,147.234,43,0,0
2025.09.18,08:37:00,147.234,147.240,147.233,147.233,31,0,0
2025.09.18,08:38:00,147.234,147.284,147.230,147.262,92,0,0
2025.09.18,08:39:00,147.262,147.275,147.248,147.248,59,0,0
2025.09.18,08:40:00,147.248,147.251,147.242,147.249,29,0,0
2025.09.18,08:41:00,147.249,147.255,147.249,147.255,37,0,0
2025.09.18,08:42:00,147.255,147.275,147.254,147.274,61,0,0
2025.09.18,08:43:00,147.275,147.277,147.263,147.271,71,0,0
2025.09.18,08:44:00,147.271,147.272,147.261,147.264,17,0,1
2025.09.18,08:45:00,147.264,147.274,147.264,147.273,18,0,0
2025.09.18,08:46:00,147.273,147.289,147.269,147.282,64,0,0
2025.09.18,08:47:00,147.282,147.297,147.280,147.296,48,0,0
2025.09.18,08:48:00,147.297,147.305,147.291,147.297,111,0,0
2025.09.18,08:49:00,147.297,147.313,147.295,147.305,74,0,0
2025.09.18,08:50:00,147.309,147.319,147.309,147.319,34,0,0
2025.09.18,08:51:00,147.319,147.327,147.314,147.314,52,0,0
2025.09.18,08:52:00,147.316,147.325,147.315,147.319,43,0,0
2025.09.18,08:53:00,147.319,147.332,147.319,147.331,56,0,0
2025.09.18,08:54:00,147.331,147.346,147.323,147.344,72,0,0
2025.09.18,08:55:00,147.344,147.366,147.342,147.362,96,0,0
2025.09.18,08:56:00,147.361,147.371,147.354,147.370,83,0,0
2025.09.18,08:57:00,147.366,147.395,147.365,147.394,132,0,0
2025.09.18,08:58:00,147.394,147.408,147.391,147.394,89,0,0
2025.09.18,08:59:00,147.394,147.395,147.353,147.353,93,0,0
2025.09.18,09:00:00,147.352,147.361,147.331,147.349,140,0,0
2025.09.18,09:01:00,147.349,147.391,147.349,147.387,98,0,0
2025.09.18,09:02:00,147.387,147.407,147.382,147.401,100,0,0
2025.09.18,09:03:00,147.400,147.437,147.400,147.433,82,0,0
2025.09.18,09:04:00,147.433,147.447,147.431,147.444,102,0,0
2025.09.18,09:05:00,147.443,147.464,147.443,147.461,145,0,0
2025.09.18,09:06:00,147.459,147.462,147.418,147.419,124,0,0
2025.09.18,09:07:00,147.419,147.440,147.414,147.435,95,0,0
2025.09.18,09:08:00,147.437,147.441,147.419,147.424,88,0,0
2025.09.18,09:09:00,147.424,147.436,147.419,147.430,93,0,0
2025.09.18,09:10:00,147.426,147.453,147.425,147.442,128,0,0
2025.09.18,09:11:00,147.442,147.463,147.442,147.461,75,0,0
2025.09.18,09:12:00,147.462,147.473,147.458,147.469,67,0,0
2025.09.18,09:13:00,147.469,147.527,147.469,147.520,182,0,0
2025.09.18,09:14:00,147.519,147.532,147.517,147.523,82,0,0
2025.09.18,09:15:00,147.522,147.529,147.486,147.487,146,0,0
2025.09.18,09:16:00,147.484,147.488,147.448,147.451,128,0,0
2025.09.18,09:17:00,147.453,147.463,147.431,147.431,89,0,0
2025.09.18,09:18:00,147.430,147.454,147.424,147.454,121,0,0
2025.09.18,09:19:00,147.454,147.465,147.441,147.464,66,0,0
2025.09.18,09:20:00,147.464,147.496,147.450,147.491,104,0,0
2025.09.18,09:21:00,147.491,147.498,147.444,147.449,77,0,0
2025.09.18,09:22:00,147.449,147.465,147.446,147.463,108,0,0
2025.09.18,09:23:00,147.463,147.487,147.450,147.461,97,0,0
2025.09.18,09:24:00,147.461,147.479,147.460,147.462,77,0,0
2025.09.18,09:25:00,147.461,147.471,147.446,147.446,97,0,0
2025.09.18,09:26:00,147.446,147.460,147.439,147.454,89,0,0
2025.09.18,09:27:00,147.454,147.467,147.454,147.465,66,0,0
2025.09.18,09:28:00,147.466,147.477,147.442,147.471,108,0,0
2025.09.18,09:29:00,147.471,147.494,147.470,147.490,87,0,0
2025.09.18,09:30:00,147.491,147.492,147.470,147.484,129,0,0
2025.09.18,09:31:00,147.485,147.492,147.451,147.454,86,0,0
2025.09.18,09:32:00,147.455,147.455,147.437,147.438,94,0,0
2025.09.18,09:33:00,147.439,147.443,147.416,147.434,105,0,0
2025.09.18,09:34:00,147.434,147.469,147.431,147.447,122,0,0
2025.09.18,09:35:00,147.446,147.469,147.431,147.433,101,0,0
2025.09.18,09:36:00,147.433,147.457,147.431,147.456,77,0,0
2025.09.18,09:37:00,147.457,147.474,147.452,147.474,71,0,0
2025.09.18,09:38:00,147.474,147.486,147.460,147.471,63,0,0
2025.09.18,09:39:00,147.472,147.489,147.459,147.460,69,0,0
2025.09.18,09:40:00,147.460,147.478,147.460,147.463,75,0,0
2025.09.18,09:41:00,147.463,147.471,147.445,147.453,69,0,0
2025.09.18,09:42:00,147.456,147.456,147.430,147.443,111,0,0
2025.09.18,09:43:00,147.443,147.456,147.413,147.420,105,0,0
2025.09.18,09:44:00,147.413,147.423,147.385,147.386,152,0,0
2025.09.18,09:45:00,147.389,147.401,147.382,147.400,78,0,0
2025.09.18,09:46:00,147.401,147.403,147.386,147.389,78,0,0
2025.09.18,09:47:00,147.390,147.395,147.359,147.376,116,0,0
2025.09.18,09:48:00,147.375,147.405,147.375,147.404,132,0,0
2025.09.18,09:49:00,147.405,147.410,147.381,147.399,86,0,0
2025.09.18,09:50:00,147.399,147.411,147.379,147.381,95,0,0
2025.09.18,09:51:00,147.382,147.399,147.382,147.388,53,0,0
2025.09.18,09:52:00,147.389,147.405,147.385,147.399,58,0,0
2025.09.18,09:53:00,147.399,147.399,147.380,147.398,46,0,0
2025.09.18,09:54:00,147.398,147.403,147.393,147.399,54,0,1
2025.09.18,09:55:00,147.398,147.413,147.387,147.388,85,0,0
2025.09.18,09:56:00,147.388,147.407,147.388,147.406,61,0,0
2025.09.18,09:57:00,147.407,147.434,147.406,147.421,76,0,0
2025.09.18,09:58:00,147.421,147.422,147.408,147.418,80,0,0
2025.09.18,09:59:00,147.418,147.420,147.403,147.410,78,0,0
2025.09.18,10:00:00,147.410,147.416,147.379,147.396,127,0,0
2025.09.18,10:01:00,147.397,147.428,147.397,147.420,83,0,0
2025.09.18,10:02:00,147.420,147.422,147.407,147.408,55,0,0
2025.09.18,10:03:00,147.408,147.411,147.328,147.347,133,0,0
2025.09.18,10:04:00,147.347,147.351,147.281,147.315,155,0,0
2025.09.18,10:05:00,147.315,147.317,147.297,147.306,100,0,0
2025.09.18,10:06:00,147.306,147.317,147.302,147.306,94,0,0
2025.09.18,10:07:00,147.306,147.327,147.302,147.317,101,0,0
2025.09.18,10:08:00,147.317,147.327,147.303,147.314,91,0,0
2025.09.18,10:09:00,147.315,147.327,147.257,147.264,99,0,0
2025.09.18,10:10:00,147.267,147.283,147.237,147.247,142,0,0
2025.09.18,10:11:00,147.247,147.257,147.231,147.255,141,0,0
2025.09.18,10:12:00,147.256,147.264,147.225,147.235,100,0,0
2025.09.18,10:13:00,147.234,147.234,147.206,147.214,133,0,0
2025.09.18,10:14:00,147.214,147.222,147.206,147.214,96,0,0
2025.09.18,10:15:00,147.214,147.225,147.201,147.217,89,0,0
2025.09.18,10:16:00,147.217,147.219,147.202,147.206,122,0,0
2025.09.18,10:17:00,147.206,147.206,147.183,147.202,87,0,0
2025.09.18,10:18:00,147.203,147.205,147.161,147.162,79,0,0
2025.09.18,10:19:00,147.161,147.185,147.157,147.163,123,0,0
2025.09.18,10:20:00,147.164,147.167,147.150,147.160,84,0,0
2025.09.18,10:21:00,147.160,147.229,147.160,147.229,116,0,0
2025.09.18,10:22:00,147.228,147.238,147.172,147.182,110,0,0
2025.09.18,10:23:00,147.182,147.197,147.178,147.192,68,0,0
2025.09.18,10:24:00,147.191,147.209,147.188,147.191,106,0,0
2025.09.18,10:25:00,147.194,147.199,147.183,147.193,72,0,0
2025.09.18,10:26:00,147.195,147.211,147.187,147.207,74,0,0
2025.09.18,10:27:00,147.207,147.209,147.188,147.207,63,0,0
2025.09.18,10:28:00,147.207,147.207,147.152,147.154,78,0,0
2025.09.18,10:29:00,147.153,147.156,147.131,147.147,114,0,0
2025.09.18,10:30:00,147.146,147.178,147.146,147.174,81,0,0
2025.09.18,10:31:00,147.174,147.177,147.162,147.171,59,0,0
2025.09.18,10:32:00,147.172,147.172,147.135,147.150,85,0,0
2025.09.18,10:33:00,147.150,147.181,147.150,147.176,75,0,0
2025.09.18,10:34:00,147.175,147.187,147.173,147.184,87,0,0
2025.09.18,10:35:00,147.185,147.198,147.180,147.197,95,0,0
2025.09.18,10:36:00,147.197,147.197,147.180,147.197,49,0,0
2025.09.18,10:37:00,147.197,147.198,147.174,147.177,59,0,0
2025.09.18,10:38:00,147.177,147.177,147.143,147.144,66,0,0
2025.09.18,10:39:00,147.143,147.144,147.117,147.134,100,0,0
2025.09.18,10:40:00,147.137,147.153,147.089,147.107,140,0,0
2025.09.18,10:41:00,147.106,147.110,147.082,147.082,93,0,0
2025.09.18,10:42:00,147.082,147.082,147.063,147.078,128,0,0
2025.09.18,10:43:00,147.079,147.095,147.059,147.067,93,0,0
2025.09.18,10:44:00,147.067,147.080,147.059,147.070,56,0,0
2025.09.18,10:45:00,147.070,147.078,147.059,147.060,69,0,0
2025.09.18,10:46:00,147.060,147.063,147.035,147.059,100,0,0
2025.09.18,10:47:00,147.059,147.096,147.059,147.092,100,0,0
2025.09.18,10:48:00,147.092,147.093,147.072,147.079,73,0,0
2025.09.18,10:49:00,147.077,147.081,147.039,147.039,70,0,0
2025.09.18,10:50:00,147.039,147.050,147.030,147.049,118,0,0
2025.09.18,10:51:00,147.048,147.053,147.034,147.035,82,0,0
2025.09.18,10:52:00,147.035,147.046,147.028,147.043,88,0,0
2025.09.18,10:53:00,147.043,147.073,147.040,147.073,64,0,0
2025.09.18,10:54:00,147.071,147.086,147.062,147.085,95,0,0
2025.09.18,10:55:00,147.086,147.130,147.085,147.105,144,0,0
2025.09.18,10:56:00,147.105,147.121,147.094,147.094,81,0,0
2025.09.18,10:57:00,147.094,147.150,147.090,147.135,102,0,0
2025.09.18,10:58:00,147.135,147.136,147.111,147.115,75,0,0
2025.09.18,10:59:00,147.115,147.125,147.114,147.117,67,0,0
2025.09.18,11:00:00,147.117,147.137,147.101,147.130,126,0,0
2025.09.18,11:01:00,147.129,147.177,147.128,147.165,138,0,0
2025.09.18,11:02:00,147.166,147.166,147.125,147.135,127,0,0
2025.09.18,11:03:00,147.135,147.183,147.135,147.147,117,0,0
2025.09.18,11:04:00,147.147,147.183,147.142,147.183,99,0,0
2025.09.18,11:05:00,147.183,147.201,147.167,147.194,100,0,0
2025.09.18,11:06:00,147.193,147.209,147.190,147.207,92,0,0
2025.09.18,11:07:00,147.207,147.233,147.175,147.177,112,0,0
2025.09.18,11:08:00,147.179,147.184,147.164,147.169,105,0,0
2025.09.18,11:09:00,147.169,147.202,147.164,147.192,70,0,0
2025.09.18,11:10:00,147.192,147.200,147.178,147.200,88,0,0
2025.09.18,11:11:00,147.200,147.260,147.192,147.253,107,0,0
2025.09.18,11:12:00,147.253,147.281,147.241,147.253,113,0,0
2025.09.18,11:13:00,147.252,147.278,147.243,147.263,127,0,0
2025.09.18,11:14:00,147.264,147.280,147.253,147.280,75,0,0
2025.09.18,11:15:00,147.280,147.296,147.264,147.282,133,0,0
2025.09.18,11:16:00,147.282,147.296,147.281,147.288,64,0,0
2025.09.18,11:17:00,147.288,147.289,147.253,147.262,70,0,0
2025.09.18,11:18:00,147.262,147.290,147.261,147.284,76,0,0
2025.09.18,11:19:00,147.284,147.307,147.283,147.304,79,0,0
2025.09.18,11:20:00,147.304,147.361,147.304,147.350,86,0,0
2025.09.18,11:21:00,147.351,147.372,147.349,147.359,106,0,0
2025.09.18,11:22:00,147.361,147.366,147.347,147.350,85,0,0
2025.09.18,11:23:00,147.350,147.367,147.347,147.360,116,0,0
2025.09.18,11:24:00,147.361,147.362,147.332,147.340,87,0,0
2025.09.18,11:25:00,147.344,147.346,147.333,147.335,90,0,0
2025.09.18,11:26:00,147.335,147.361,147.335,147.361,79,0,0
2025.09.18,11:27:00,147.361,147.388,147.354,147.384,71,0,0
2025.09.18,11:28:00,147.385,147.391,147.360,147.371,94,0,0
2025.09.18,11:29:00,147.371,147.372,147.356,147.359,67,0,0
2025.09.18,11:30:00,147.359,147.427,147.359,147.386,137,0,0
2025.09.18,11:31:00,147.386,147.422,147.373,147.391,134,0,0
2025.09.18,11:32:00,147.391,147.405,147.369,147.369,91,0,0
2025.09.18,11:33:00,147.363,147.377,147.356,147.371,73,0,0
2025.09.18,11:34:00,147.371,147.388,147.368,147.373,113,0,0
2025.09.18,11:35:00,147.372,147.372,147.344,147.363,91,0,0
2025.09.18,11:36:00,147.363,147.390,147.363,147.385,95,0,0
2025.09.18,11:37:00,147.386,147.409,147.383,147.393,97,0,0
2025.09.18,11:38:00,147.394,147.396,147.372,147.388,93,0,0
2025.09.18,11:39:00,147.385,147.388,147.353,147.371,102,0,0
2025.09.18,11:40:00,147.370,147.388,147.356,147.369,88,0,0
2025.09.18,11:41:00,147.370,147.391,147.355,147.356,97,0,0
2025.09.18,11:42:00,147.356,147.363,147.331,147.340,78,0,0
2025.09.18,11:43:00,147.340,147.380,147.338,147.380,96,0,0
2025.09.18,11:44:00,147.382,147.389,147.351,147.378,119,0,0
2025.09.18,11:45:00,147.379,147.402,147.377,147.389,73,0,0
2025.09.18,11:46:00,147.389,147.401,147.386,147.389,66,0,0
2025.09.18,11:47:00,147.389,147.415,147.387,147.400,106,0,0
2025.09.18,11:48:00,147.400,147.404,147.375,147.377,75,0,0
2025.09.18,11:49:00,147.374,147.383,147.365,147.380,91,0,0
2025.09.18,11:50:00,147.381,147.399,147.378,147.378,100,0,0
2025.09.18,11:51:00,147.379,147.401,147.377,147.390,75,0,0
2025.09.18,11:52:00,147.390,147.415,147.390,147.405,64,0,0
2025.09.18,11:53:00,147.406,147.436,147.401,147.436,86,0,0
2025.09.18,11:54:00,147.436,147.477,147.432,147.468,110,0,0
2025.09.18,11:55:00,147.473,147.487,147.451,147.468,97,0,0
2025.09.18,11:56:00,147.468,147.476,147.448,147.462,88,0,0
2025.09.18,11:57:00,147.463,147.469,147.442,147.455,98,0,0
2025.09.18,11:58:00,147.454,147.455,147.427,147.427,107,0,0
2025.09.18,11:59:00,147.427,147.443,147.424,147.435,90,0,0
2025.09.18,12:00:00,147.435,147.454,147.433,147.446,80,0,0
2025.09.18,12:01:00,147.446,147.448,147.413,147.427,108,0,0
2025.09.18,12:02:00,147.427,147.432,147.402,147.415,84,0,0
2025.09.18,12:03:00,147.415,147.424,147.403,147.410,97,0,0
2025.09.18,12:04:00,147.410,147.416,147.398,147.399,43,0,0
2025.09.18,12:05:00,147.400,147.416,147.386,147.387,83,0,0
2025.09.18,12:06:00,147.387,147.397,147.368,147.396,94,0,0
2025.09.18,12:07:00,147.396,147.410,147.389,147.401,67,0,0
2025.09.18,12:08:00,147.401,147.401,147.376,147.379,95,0,0
2025.09.18,12:09:00,147.379,147.383,147.334,147.356,120,0,0
2025.09.18,12:10:00,147.356,147.370,147.322,147.335,77,0,0
2025.09.18,12:11:00,147.335,147.338,147.302,147.312,89,0,0
2025.09.18,12:12:00,147.312,147.317,147.293,147.295,88,0,0
2025.09.18,12:13:00,147.294,147.298,147.270,147.292,89,0,0
2025.09.18,12:14:00,147.292,147.294,147.247,147.247,101,0,0
2025.09.18,12:15:00,147.247,147.256,147.224,147.256,99,0,0
2025.09.18,12:16:00,147.257,147.321,147.255,147.317,100,0,0
2025.09.18,12:17:00,147.318,147.332,147.289,147.296,94,0,0
2025.09.18,12:18:00,147.296,147.307,147.295,147.306,54,0,0
2025.09.18,12:19:00,147.307,147.324,147.297,147.303,77,0,0
2025.09.18,12:20:00,147.301,147.325,147.298,147.317,75,0,0
2025.09.18,12:21:00,147.317,147.329,147.312,147.313,66,0,0
2025.09.18,12:22:00,147.313,147.313,147.256,147.260,58,0,0
2025.09.18,12:23:00,147.260,147.292,147.251,147.285,82,0,0
2025.09.18,12:24:00,147.286,147.294,147.275,147.279,97,0,0
2025.09.18,12:25:00,147.279,147.286,147.256,147.261,69,0,0
2025.09.18,12:26:00,147.261,147.265,147.245,147.254,96,0,0
2025.09.18,12:27:00,147.255,147.255,147.228,147.242,65,0,0
2025.09.18,12:28:00,147.243,147.263,147.243,147.254,67,0,0
2025.09.18,12:29:00,147.254,147.267,147.253,147.265,59,0,0
2025.09.18,12:30:00,147.270,147.285,147.255,147.255,68,0,0
2025.09.18,12:31:00,147.256,147.257,147.229,147.234,55,0,0
2025.09.18,12:32:00,147.231,147.250,147.227,147.249,67,0,0
2025.09.18,12:33:00,147.249,147.260,147.242,147.260,56,0,0
2025.09.18,12:34:00,147.260,147.262,147.236,147.245,78,0,0
2025.09.18,12:35:00,147.241,147.262,147.241,147.258,69,0,0
2025.09.18,12:36:00,147.258,147.258,147.234,147.234,88,0,0
2025.09.18,12:37:00,147.236,147.241,147.216,147.216,88,0,0
2025.09.18,12:38:00,147.216,147.221,147.185,147.189,98,0,0
2025.09.18,12:39:00,147.189,147.195,147.180,147.192,84,0,0
2025.09.18,12:40:00,147.193,147.194,147.160,147.181,102,0,0
2025.09.18,12:41:00,147.181,147.190,147.171,147.171,85,0,0
2025.09.18,12:42:00,147.173,147.186,147.168,147.183,76,0,0
2025.09.18,12:43:00,147.183,147.211,147.178,147.211,58,0,0
2025.09.18,12:44:00,147.211,147.237,147.209,147.229,64,0,0
2025.09.18,12:45:00,147.231,147.266,147.228,147.261,87,0,0
2025.09.18,12:46:00,147.259,147.290,147.248,147.277,112,0,0
2025.09.18,12:47:00,147.277,147.299,147.274,147.292,70,0,0
2025.09.18,12:48:00,147.292,147.304,147.289,147.301,61,0,0
2025.09.18,12:49:00,147.301,147.310,147.291,147.295,82,0,0
2025.09.18,12:50:00,147.295,147.319,147.295,147.303,80,0,0
2025.09.18,12:51:00,147.303,147.318,147.302,147.308,58,0,0
2025.09.18,12:52:00,147.308,147.308,147.282,147.285,48,0,0
2025.09.18,12:53:00,147.284,147.287,147.274,147.274,55,0,0
2025.09.18,12:54:00,147.275,147.275,147.252,147.252,62,0,0
2025.09.18,12:55:00,147.251,147.287,147.248,147.287,90,0,0
2025.09.18,12:56:00,147.287,147.298,147.284,147.292,80,0,0
2025.09.18,12:57:00,147.293,147.296,147.279,147.283,90,0,0
2025.09.18,12:58:00,147.284,147.285,147.265,147.275,54,0,0
2025.09.18,12:59:00,147.274,147.282,147.267,147.275,66,0,0
2025.09.18,13:00:00,147.274,147.277,147.250,147.257,70,0,0
2025.09.18,13:01:00,147.257,147.273,147.255,147.265,86,0,0
2025.09.18,13:02:00,147.265,147.266,147.248,147.256,67,0,0
2025.09.18,13:03:00,147.255,147.286,147.253,147.282,66,0,0
2025.09.18,13:04:00,147.282,147.303,147.281,147.295,77,0,0
2025.09.18,13:05:00,147.296,147.299,147.286,147.286,32,0,0
2025.09.18,13:06:00,147.286,147.291,147.280,147.284,78,0,0
2025.09.18,13:07:00,147.285,147.317,147.283,147.311,70,0,0
2025.09.18,13:08:00,147.311,147.326,147.311,147.315,53,0,0
2025.09.18,13:09:00,147.316,147.324,147.297,147.306,76,0,0
2025.09.18,13:10:00,147.306,147.318,147.297,147.312,62,0,0
2025.09.18,13:11:00,147.312,147.321,147.309,147.317,42,0,0
2025.09.18,13:12:00,147.318,147.342,147.317,147.332,73,0,0
2025.09.18,13:13:00,147.332,147.339,147.316,147.320,53,0,0
2025.09.18,13:14:00,147.319,147.342,147.315,147.340,49,0,0
2025.09.18,13:15:00,147.341,147.347,147.323,147.334,64,0,0
2025.09.18,13:16:00,147.333,147.355,147.333,147.348,66,0,0
2025.09.18,13:17:00,147.349,147.367,147.345,147.366,56,0,0
2025.09.18,13:18:00,147.367,147.367,147.339,147.349,68,0,0
2025.09.18,13:19:00,147.349,147.359,147.346,147.358,51,0,0
2025.09.18,13:20:00,147.358,147.374,147.348,147.358,67,0,0
2025.09.18,13:21:00,147.362,147.367,147.336,147.340,75,0,0
2025.09.18,13:22:00,147.340,147.340,147.313,147.315,76,0,0
2025.09.18,13:23:00,147.315,147.317,147.293,147.294,72,0,0
2025.09.18,13:24:00,147.294,147.294,147.280,147.283,63,0,0
2025.09.18,13:25:00,147.283,147.309,147.283,147.304,71,0,0
2025.09.18,13:26:00,147.304,147.320,147.285,147.285,74,0,0
2025.09.18,13:27:00,147.285,147.292,147.279,147.280,46,0,0
2025.09.18,13:28:00,147.281,147.281,147.257,147.259,64,0,0
2025.09.18,13:29:00,147.259,147.276,147.252,147.276,66,0,0
2025.09.18,13:30:00,147.277,147.277,147.254,147.262,58,0,0
2025.09.18,13:31:00,147.260,147.281,147.260,147.275,52,0,0
2025.09.18,13:32:00,147.275,147.276,147.239,147.242,65,0,0
2025.09.18,13:33:00,147.242,147.255,147.229,147.254,56,0,0
2025.09.18,13:34:00,147.254,147.275,147.248,147.274,55,0,0
2025.09.18,13:35:00,147.275,147.283,147.268,147.269,62,0,0
2025.09.18,13:36:00,147.269,147.279,147.260,147.265,67,0,0
2025.09.18,13:37:00,147.265,147.277,147.259,147.275,57,0,0
2025.09.18,13:38:00,147.275,147.277,147.269,147.271,61,0,0
2025.09.18,13:39:00,147.271,147.273,147.259,147.264,30,0,0
2025.09.18,13:40:00,147.264,147.281,147.260,147.269,57,0,0
2025.09.18,13:41:00,147.269,147.270,147.269,147.270,8,0,0
2025.09.18,13:42:00,147.270,147.276,147.267,147.267,19,0,0
2025.09.18,13:43:00,147.267,147.281,147.256,147.270,38,0,0
2025.09.18,13:44:00,147.270,147.271,147.259,147.260,29,0,0
2025.09.18,13:45:00,147.259,147.276,147.252,147.260,72,0,0
2025.09.18,13:46:00,147.260,147.269,147.250,147.251,60,0,0
2025.09.18,13:47:00,147.251,147.282,147.251,147.278,69,0,0
2025.09.18,13:48:00,147.276,147.277,147.259,147.259,72,0,0
2025.09.18,13:49:00,147.259,147.263,147.246,147.246,58,0,0
2025.09.18,13:50:00,147.246,147.246,147.227,147.230,66,0,0
2025.09.18,13:51:00,147.229,147.251,147.229,147.248,85,0,0
2025.09.18,13:52:00,147.248,147.254,147.243,147.253,41,0,0
2025.09.18,13:53:00,147.252,147.261,147.246,147.250,69,0,0
2025.09.18,13:54:00,147.250,147.264,147.250,147.263,49,0,0
2025.09.18,13:55:00,147.264,147.266,147.247,147.254,60,0,0
2025.09.18,13:56:00,147.253,147.264,147.250,147.259,59,0,0
2025.09.18,13:57:00,147.259,147.259,147.253,147.259,20,0,1
2025.09.18,13:58:00,147.260,147.269,147.259,147.266,27,0,0
2025.09.18,13:59:00,147.266,147.272,147.253,147.262,35,0,0
2025.09.18,14:00:00,147.260,147.315,147.253,147.294,141,0,0
2025.09.18,14:01:00,147.294,147.305,147.276,147.287,107,0,0
2025.09.18,14:02:00,147.287,147.295,147.280,147.293,63,0,0
2025.09.18,14:03:00,147.292,147.293,147.258,147.259,62,0,0
2025.09.18,14:04:00,147.259,147.262,147.246,147.260,89,0,0
2025.09.18,14:05:00,147.260,147.271,147.217,147.219,103,0,0
2025.09.18,14:06:00,147.218,147.259,147.218,147.255,100,0,0
2025.09.18,14:07:00,147.255,147.295,147.251,147.283,83,0,0
2025.09.18,14:08:00,147.284,147.351,147.275,147.333,127,0,0
2025.09.18,14:09:00,147.333,147.350,147.312,147.350,79,0,0
2025.09.18,14:10:00,147.349,147.366,147.323,147.363,98,0,0
2025.09.18,14:11:00,147.361,147.380,147.346,147.374,96,0,0
2025.09.18,14:12:00,147.375,147.398,147.368,147.396,65,0,0
2025.09.18,14:13:00,147.396,147.396,147.363,147.367,81,0,0
2025.09.18,14:14:00,147.367,147.370,147.322,147.324,76,0,0
2025.09.18,14:15:00,147.324,147.346,147.312,147.342,92,0,0
2025.09.18,14:16:00,147.342,147.364,147.342,147.364,73,0,0
2025.09.18,14:17:00,147.364,147.364,147.333,147.333,64,0,0
2025.09.18,14:18:00,147.333,147.337,147.312,147.324,76,0,0
2025.09.18,14:19:00,147.324,147.346,147.324,147.340,97,0,0
2025.09.18,14:20:00,147.340,147.355,147.327,147.327,72,0,0
2025.09.18,14:21:00,147.327,147.335,147.308,147.308,84,0,0
2025.09.18,14:22:00,147.305,147.306,147.281,147.301,106,0,0
2025.09.18,14:23:00,147.300,147.318,147.298,147.306,85,0,0
2025.09.18,14:24:00,147.305,147.326,147.296,147.325,106,0,0
2025.09.18,14:25:00,147.324,147.335,147.322,147.330,58,0,0
2025.09.18,14:26:00,147.330,147.334,147.311,147.320,88,0,0
2025.09.18,14:27:00,147.320,147.327,147.297,147.324,104,0,0
2025.09.18,14:28:00,147.325,147.326,147.302,147.305,93,0,0
2025.09.18,14:29:00,147.306,147.306,147.282,147.285,65,0,0
2025.09.18,14:30:00,147.285,147.285,147.237,147.267,115,0,0
2025.09.18,14:31:00,147.268,147.294,147.268,147.292,106,0,0
2025.09.18,14:32:00,147.293,147.320,147.293,147.317,129,0,0
2025.09.18,14:33:00,147.317,147.349,147.317,147.340,107,0,0
2025.09.18,14:34:00,147.340,147.341,147.325,147.333,91,0,0
2025.09.18,14:35:00,147.333,147.338,147.314,147.319,119,0,0
2025.09.18,14:36:00,147.319,147.323,147.298,147.317,100,0,0
2025.09.18,14:37:00,147.317,147.358,147.314,147.340,71,0,0
2025.09.18,14:38:00,147.340,147.370,147.340,147.368,113,0,0
2025.09.18,14:39:00,147.367,147.368,147.355,147.360,72,0,0
2025.09.18,14:40:00,147.360,147.372,147.345,147.369,65,0,0
2025.09.18,14:41:00,147.369,147.399,147.367,147.397,85,0,0
2025.09.18,14:42:00,147.398,147.409,147.388,147.395,94,0,0
2025.09.18,14:43:00,147.393,147.395,147.371,147.378,56,0,0
2025.09.18,14:44:00,147.378,147.380,147.365,147.377,85,0,0
2025.09.18,14:45:00,147.377,147.392,147.367,147.380,106,0,0
2025.09.18,14:46:00,147.380,147.387,147.370,147.379,47,0,0
2025.09.18,14:47:00,147.378,147.394,147.378,147.390,65,0,0
2025.09.18,14:48:00,147.390,147.414,147.387,147.405,82,0,0
2025.09.18,14:49:00,147.405,147.425,147.405,147.424,68,0,0
2025.09.18,14:50:00,147.424,147.425,147.400,147.401,47,0,0
2025.09.18,14:51:00,147.401,147.402,147.380,147.384,56,0,0
2025.09.18,14:52:00,147.384,147.393,147.377,147.390,62,0,0
2025.09.18,14:53:00,147.390,147.422,147.387,147.413,62,0,0
2025.09.18,14:54:00,147.413,147.414,147.380,147.382,54,0,0
2025.09.18,14:55:00,147.380,147.380,147.353,147.361,71,0,0
2025.09.18,14:56:00,147.361,147.370,147.343,147.349,68,0,0
2025.09.18,14:57:00,147.349,147.385,147.349,147.382,80,0,0
2025.09.18,14:58:00,147.383,147.384,147.362,147.374,65,0,0
2025.09.18,14:59:00,147.374,147.386,147.371,147.385,48,0,0
2025.09.18,15:00:00,147.385,147.416,147.370,147.406,158,0,0
2025.09.18,15:01:00,147.408,147.416,147.399,147.402,116,0,0
2025.09.18,15:02:00,147.402,147.424,147.387,147.392,131,0,0
2025.09.18,15:03:00,147.392,147.429,147.392,147.404,111,0,0
2025.09.18,15:04:00,147.405,147.424,147.395,147.406,125,0,0
2025.09.18,15:05:00,147.403,147.412,147.392,147.403,115,0,0
2025.09.18,15:06:00,147.399,147.421,147.397,147.404,133,0,0
2025.09.18,15:07:00,147.405,147.434,147.404,147.434,84,0,0
2025.09.18,15:08:00,147.435,147.447,147.423,147.445,91,0,0
2025.09.18,15:09:00,147.444,147.445,147.424,147.435,84,0,0
2025.09.18,15:10:00,147.434,147.445,147.415,147.433,94,0,0
2025.09.18,15:11:00,147.433,147.434,147.410,147.419,50,0,0
2025.09.18,15:12:00,147.417,147.422,147.400,147.411,81,0,0
2025.09.18,15:13:00,147.411,147.436,147.410,147.423,71,0,0
2025.09.18,15:14:00,147.423,147.434,147.413,147.426,77,0,0
2025.09.18,15:15:00,147.425,147.440,147.410,147.434,67,0,0
2025.09.18,15:16:00,147.433,147.437,147.415,147.417,48,0,0
2025.09.18,15:17:00,147.421,147.433,147.397,147.399,58,0,0
2025.09.18,15:18:00,147.399,147.414,147.383,147.413,76,0,0
2025.09.18,15:19:00,147.413,147.416,147.390,147.392,69,0,0
2025.09.18,15:20:00,147.392,147.423,147.389,147.391,98,0,0
2025.09.18,15:21:00,147.391,147.404,147.370,147.388,92,0,0
2025.09.18,15:22:00,147.388,147.420,147.388,147.415,103,0,0
2025.09.18,15:23:00,147.413,147.431,147.412,147.413,93,0,0
2025.09.18,15:24:00,147.414,147.424,147.398,147.399,52,0,0
2025.09.18,15:25:00,147.399,147.402,147.379,147.391,92,0,0
2025.09.18,15:26:00,147.390,147.400,147.389,147.390,77,0,0
2025.09.18,15:27:00,147.390,147.395,147.386,147.393,50,0,0
2025.09.18,15:28:00,147.397,147.397,147.380,147.381,48,0,0
2025.09.18,15:29:00,147.381,147.389,147.368,147.380,79,0,0
2025.09.18,15:30:00,147.371,147.590,147.371,147.565,331,0,0
2025.09.18,15:31:00,147.565,147.585,147.516,147.574,222,0,0
2025.09.18,15:32:00,147.574,147.605,147.554,147.561,153,0,0
2025.09.18,15:33:00,147.562,147.572,147.524,147.569,241,0,0
2025.09.18,15:34:00,147.569,147.614,147.562,147.603,214,0,0
2025.09.18,15:35:00,147.604,147.616,147.584,147.602,157,0,0
2025.09.18,15:36:00,147.603,147.603,147.571,147.593,143,0,0
2025.09.18,15:37:00,147.592,147.602,147.572,147.572,137,0,0
2025.09.18,15:38:00,147.572,147.597,147.533,147.542,169,0,0
2025.09.18,15:39:00,147.541,147.541,147.509,147.530,146,0,0
2025.09.18,15:40:00,147.532,147.551,147.526,147.539,120,0,0
2025.09.18,15:41:00,147.539,147.579,147.539,147.575,111,0,0
2025.09.18,15:42:00,147.574,147.630,147.570,147.613,151,0,0
2025.09.18,15:43:00,147.614,147.653,147.611,147.648,144,0,0
2025.09.18,15:44:00,147.648,147.651,147.618,147.634,135,0,0
2025.09.18,15:45:00,147.633,147.684,147.633,147.670,129,0,0
2025.09.18,15:46:00,147.670,147.691,147.670,147.689,95,0,0
2025.09.18,15:47:00,147.690,147.698,147.649,147.661,128,0,0
2025.09.18,15:48:00,147.660,147.681,147.656,147.665,104,0,0
2025.09.18,15:49:00,147.664,147.683,147.663,147.672,132,0,0
2025.09.18,15:50:00,147.672,147.699,147.667,147.693,113,0,0
2025.09.18,15:51:00,147.693,147.744,147.690,147.734,131,0,0
2025.09.18,15:52:00,147.734,147.745,147.724,147.736,130,0,0
2025.09.18,15:53:00,147.736,147.755,147.734,147.744,113,0,0
2025.09.18,15:54:00,147.744,147.744,147.721,147.738,101,0,0
2025.09.18,15:55:00,147.737,147.750,147.714,147.734,118,0,0
2025.09.18,15:56:00,147.734,147.745,147.722,147.744,99,0,0
2025.09.18,15:57:00,147.744,147.759,147.737,147.756,94,0,0
2025.09.18,15:58:00,147.756,147.773,147.755,147.772,136,0,0
2025.09.18,15:59:00,147.772,147.804,147.769,147.791,130,0,0
2025.09.18,16:00:00,147.790,147.864,147.790,147.844,222,0,0
2025.09.18,16:01:00,147.844,147.882,147.844,147.881,147,0,0
2025.09.18,16:02:00,147.878,147.890,147.862,147.863,154,0,0
2025.09.18,16:03:00,147.863,147.876,147.851,147.874,141,0,0
2025.09.18,16:04:00,147.873,147.877,147.862,147.873,111,0,0
2025.09.18,16:05:00,147.873,147.907,147.864,147.895,156,0,0
2025.09.18,16:06:00,147.896,147.947,147.896,147.943,147,0,0
2025.09.18,16:07:00,147.942,147.949,147.904,147.904,157,0,0
2025.09.18,16:08:00,147.905,147.911,147.856,147.856,164,0,0
2025.09.18,16:09:00,147.856,147.867,147.845,147.850,162,0,0
2025.09.18,16:10:00,147.851,147.910,147.851,147.909,116,0,0
2025.09.18,16:11:00,147.909,147.941,147.905,147.940,124,0,0
2025.09.18,16:12:00,147.941,147.946,147.924,147.934,119,0,0
2025.09.18,16:13:00,147.932,147.955,147.918,147.918,127,0,0
2025.09.18,16:14:00,147.920,147.922,147.901,147.907,118,0,0
2025.09.18,16:15:00,147.907,147.910,147.865,147.868,159,0,0
2025.09.18,16:16:00,147.868,147.871,147.853,147.866,99,0,0
2025.09.18,16:17:00,147.866,147.897,147.864,147.877,123,0,0
2025.09.18,16:18:00,147.880,147.924,147.878,147.910,115,0,0
2025.09.18,16:19:00,147.910,147.937,147.907,147.932,97,0,0
2025.09.18,16:20:00,147.932,147.960,147.930,147.954,101,0,0
2025.09.18,16:21:00,147.954,147.957,147.940,147.944,108,0,0
2025.09.18,16:22:00,147.945,147.955,147.941,147.955,83,0,0
2025.09.18,16:23:00,147.956,147.984,147.955,147.975,110,0,0
2025.09.18,16:24:00,147.975,147.976,147.954,147.964,73,0,0
2025.09.18,16:25:00,147.964,147.982,147.964,147.974,69,0,0
2025.09.18,16:26:00,147.974,147.977,147.962,147.969,82,0,0
2025.09.18,16:27:00,147.969,147.970,147.934,147.945,121,0,0
2025.09.18,16:28:00,147.944,147.964,147.938,147.961,96,0,0
2025.09.18,16:29:00,147.961,147.974,147.960,147.963,69,0,0
2025.09.18,16:30:00,147.958,147.984,147.944,147.981,109,0,0
2025.09.18,16:31:00,147.981,147.983,147.970,147.971,71,0,0
2025.09.18,16:32:00,147.971,147.985,147.971,147.985,87,0,0
2025.09.18,16:33:00,147.984,148.049,147.984,148.037,148,0,0
2025.09.18,16:34:00,148.036,148.079,148.025,148.059,147,0,0
2025.09.18,16:35:00,148.063,148.083,148.055,148.055,151,0,0
2025.09.18,16:36:00,148.053,148.068,148.043,148.065,173,0,0
2025.09.18,16:37:00,148.065,148.115,148.060,148.114,154,0,0
2025.09.18,16:38:00,148.114,148.144,148.113,148.136,155,0,0
2025.09.18,16:39:00,148.137,148.179,148.137,148.177,175,0,0
2025.09.18,16:40:00,148.176,148.210,148.158,148.187,159,0,0
2025.09.18,16:41:00,148.184,148.190,148.132,148.166,199,0,0
2025.09.18,16:42:00,148.166,148.234,148.164,148.223,203,0,0
2025.09.18,16:43:00,148.224,148.247,148.212,148.215,164,0,0
2025.09.18,16:44:00,148.215,148.266,148.215,148.262,144,0,0
2025.09.18,16:45:00,148.262,148.264,148.199,148.200,207,0,0
2025.09.18,16:46:00,148.199,148.210,148.161,148.162,211,0,0
2025.09.18,16:47:00,148.161,148.189,148.137,148.164,232,0,0
2025.09.18,16:48:00,148.166,148.173,148.129,148.133,173,0,0
2025.09.18,16:49:00,148.131,148.142,148.122,148.133,209,0,0
2025.09.18,16:50:00,148.134,148.141,148.059,148.098,221,0,0
2025.09.18,16:51:00,148.097,148.135,148.088,148.103,206,0,0
2025.09.18,16:52:00,148.103,148.123,148.099,148.102,160,0,0
2025.09.18,16:53:00,148.102,148.122,148.089,148.101,186,0,0
2025.09.18,16:54:00,148.102,148.115,148.070,148.113,175,0,0
2025.09.18,16:55:00,148.114,148.114,148.077,148.100,154,0,0
2025.09.18,16:56:00,148.101,148.109,148.085,148.106,169,0,0
2025.09.18,16:57:00,148.107,148.107,148.037,148.067,181,0,0
2025.09.18,16:58:00,148.063,148.079,148.061,148.071,115,0,0
2025.09.18,16:59:00,148.072,148.077,148.039,148.059,103,0,0
2025.09.18,17:00:00,148.060,148.112,148.046,148.084,164,0,0
2025.09.18,17:01:00,148.083,148.108,148.048,148.072,177,0,0
2025.09.18,17:02:00,148.072,148.072,148.023,148.028,173,0,0
2025.09.18,17:03:00,148.030,148.040,147.982,147.988,204,0,0
2025.09.18,17:04:00,147.992,147.999,147.949,147.994,237,0,0
2025.09.18,17:05:00,147.996,148.002,147.972,147.984,186,0,0
2025.09.18,17:06:00,147.985,147.998,147.949,147.983,168,0,0
2025.09.18,17:07:00,147.981,147.994,147.959,147.962,172,0,0
2025.09.18,17:08:00,147.963,148.022,147.961,148.005,217,0,0
2025.09.18,17:09:00,148.009,148.013,147.969,147.994,179,0,0
2025.09.18,17:10:00,147.995,148.009,147.968,147.975,142,0,0
2025.09.18,17:11:00,147.975,148.007,147.961,148.004,122,0,0
2025.09.18,17:12:00,148.014,148.030,147.992,148.010,146,0,0
2025.09.18,17:13:00,148.010,148.042,148.001,148.041,154,0,0
2025.09.18,17:14:00,148.041,148.086,148.038,148.083,165,0,0
2025.09.18,17:15:00,148.083,148.096,148.073,148.092,115,0,0
2025.09.18,17:16:00,148.088,148.106,148.084,148.093,105,0,0
2025.09.18,17:17:00,148.093,148.114,148.081,148.102,108,0,0
2025.09.18,17:18:00,148.102,148.107,148.016,148.026,151,0,0
2025.09.18,17:19:00,148.026,148.096,148.014,148.093,120,0,0
2025.09.18,17:20:00,148.090,148.094,148.062,148.083,106,0,0
2025.09.18,17:21:00,148.083,148.126,148.083,148.117,115,0,0
2025.09.18,17:22:00,148.117,148.118,148.090,148.092,80,0,0
2025.09.18,17:23:00,148.091,148.125,148.086,148.103,113,0,0
2025.09.18,17:24:00,148.103,148.127,148.102,148.115,110,0,0
2025.09.18,17:25:00,148.115,148.120,148.076,148.120,128,0,0
2025.09.18,17:26:00,148.125,148.125,148.082,148.093,114,0,0
2025.09.18,17:27:00,148.093,148.097,148.049,148.059,106,0,0
2025.09.18,17:28:00,148.059,148.069,148.047,148.060,112,0,0
2025.09.18,17:29:00,148.060,148.062,148.015,148.027,122,0,0
2025.09.18,17:30:00,148.027,148.030,147.994,148.011,116,0,0
2025.09.18,17:31:00,148.009,148.015,147.963,147.975,132,0,0
2025.09.18,17:32:00,147.974,147.993,147.961,147.993,114,0,0
2025.09.18,17:33:00,147.993,148.002,147.967,148.001,98,0,0
2025.09.18,17:34:00,148.001,148.031,148.001,148.020,88,0,0
2025.09.18,17:35:00,148.021,148.061,148.017,148.053,142,0,0
2025.09.18,17:36:00,148.053,148.059,148.034,148.057,86,0,0
2025.09.18,17:37:00,148.057,148.081,148.050,148.056,107,0,0
2025.09.18,17:38:00,148.056,148.060,147.981,147.995,149,0,0
2025.09.18,17:39:00,147.995,148.036,147.992,148.020,155,0,0
2025.09.18,17:40:00,148.020,148.041,148.017,148.021,118,0,0
2025.09.18,17:41:00,148.022,148.040,148.003,148.040,95,0,0
2025.09.18,17:42:00,148.040,148.045,148.020,148.037,127,0,0
2025.09.18,17:43:00,148.036,148.057,148.017,148.030,133,0,0
2025.09.18,17:44:00,148.032,148.056,148.018,148.051,86,0,0
2025.09.18,17:45:00,148.051,148.056,148.019,148.032,128,0,0
2025.09.18,17:46:00,148.032,148.033,147.984,148.017,160,0,0
2025.09.18,17:47:00,148.017,148.022,147.942,147.983,217,0,0
2025.09.18,17:48:00,147.983,148.014,147.911,147.918,212,0,0
2025.09.18,17:49:00,147.919,147.984,147.901,147.984,163,0,0
2025.09.18,17:50:00,147.984,147.998,147.972,147.996,129,0,0
2025.09.18,17:51:00,147.996,147.997,147.970,147.987,111,0,0
2025.09.18,17:52:00,147.987,148.021,147.973,148.010,158,0,0
2025.09.18,17:53:00,148.010,148.026,147.994,148.021,126,0,0
2025.09.18,17:54:00,148.021,148.051,148.013,148.018,108,0,0
2025.09.18,17:55:00,148.029,148.041,148.019,148.022,148,0,0
2025.09.18,17:56:00,148.023,148.041,148.009,148.009,136,0,0
2025.09.18,17:57:00,148.010,148.032,148.006,148.030,111,0,0
2025.09.18,17:58:00,148.030,148.032,148.000,148.016,117,0,0
2025.09.18,17:59:00,148.016,148.020,148.009,148.013,65,0,0
2025.09.18,18:00:00,148.013,148.020,148.004,148.020,108,0,0
2025.09.18,18:01:00,148.020,148.044,148.001,148.029,135,0,0
2025.09.18,18:02:00,148.030,148.032,147.963,147.964,98,0,0
2025.09.18,18:03:00,147.965,147.966,147.908,147.938,140,0,0
2025.09.18,18:04:00,147.939,147.944,147.926,147.936,100,0,0
2025.09.18,18:05:00,147.935,147.977,147.932,147.966,92,0,0
2025.09.18,18:06:00,147.966,148.020,147.952,147.994,196,0,0
2025.09.18,18:07:00,147.994,148.008,147.951,147.951,110,0,0
2025.09.18,18:08:00,147.951,147.971,147.940,147.963,132,0,0
2025.09.18,18:09:00,147.963,147.990,147.951,147.981,143,0,0
2025.09.18,18:10:00,147.978,148.010,147.960,148.001,153,0,0
2025.09.18,18:11:00,148.001,148.022,147.981,147.992,152,0,0
2025.09.18,18:12:00,147.993,148.005,147.991,147.998,89,0,0
2025.09.18,18:13:00,148.003,148.024,147.991,148.021,112,0,0
2025.09.18,18:14:00,148.023,148.026,147.986,147.993,72,0,0
2025.09.18,18:15:00,147.993,148.019,147.986,148.018,77,0,0
2025.09.18,18:16:00,148.018,148.018,147.975,147.992,88,0,0
2025.09.18,18:17:00,147.987,147.988,147.952,147.953,110,0,0
2025.09.18,18:18:00,147.953,147.988,147.951,147.986,104,0,0
2025.09.18,18:19:00,147.986,147.986,147.936,147.940,102,0,0
2025.09.18,18:20:00,147.939,147.951,147.912,147.940,129,0,0
2025.09.18,18:21:00,147.940,147.959,147.938,147.947,97,0,0
2025.09.18,18:22:00,147.947,147.962,147.937,147.954,107,0,0
2025.09.18,18:23:00,147.953,147.955,147.919,147.919,76,0,0
2025.09.18,18:24:00,147.919,147.930,147.905,147.929,65,0,0
2025.09.18,18:25:00,147.929,147.953,147.926,147.942,71,0,0
2025.09.18,18:26:00,147.941,147.941,147.928,147.929,53,0,0
2025.09.18,18:27:00,147.930,147.947,147.928,147.946,105,0,0
2025.09.18,18:28:00,147.944,147.951,147.932,147.941,88,0,0
2025.09.18,18:29:00,147.941,147.941,147.922,147.930,58,0,0
2025.09.18,18:30:00,147.931,147.953,147.921,147.952,90,0,0
2025.09.18,18:31:00,147.951,147.951,147.929,147.930,47,0,0
2025.09.18,18:32:00,147.930,147.951,147.915,147.929,79,0,0
2025.09.18,18:33:00,147.929,147.952,147.929,147.952,70,0,0
2025.09.18,18:34:00,147.952,147.960,147.950,147.950,51,0,0
2025.09.18,18:35:00,147.951,147.961,147.949,147.952,41,0,0
2025.09.18,18:36:00,147.952,147.984,147.950,147.984,63,0,0
2025.09.18,18:37:00,147.983,147.983,147.952,147.957,49,0,0
2025.09.18,18:38:00,147.957,147.975,147.951,147.951,70,0,0
2025.09.18,18:39:00,147.951,147.951,147.929,147.942,78,0,0
2025.09.18,18:40:00,147.948,147.988,147.948,147.983,83,0,0
2025.09.18,18:41:00,147.983,148.004,147.979,147.983,71,0,0
2025.09.18,18:42:00,147.983,147.999,147.982,147.995,43,0,0
2025.09.18,18:43:00,147.995,148.028,147.994,148.026,80,0,0
2025.09.18,18:44:00,148.026,148.047,148.025,148.041,71,0,0
2025.09.18,18:45:00,148.041,148.060,148.035,148.047,71,0,0
2025.09.18,18:46:00,148.047,148.058,148.033,148.058,64,0,0
2025.09.18,18:47:00,148.058,148.070,148.058,148.059,59,0,0
2025.09.18,18:48:00,148.059,148.065,148.050,148.059,58,0,0
2025.09.18,18:49:00,148.058,148.058,148.047,148.051,84,0,0
2025.09.18,18:50:00,148.050,148.057,148.047,148.052,38,0,0
2025.09.18,18:51:00,148.051,148.079,148.041,148.069,88,0,0
2025.09.18,18:52:00,148.068,148.076,148.067,148.068,40,0,0
2025.09.18,18:53:00,148.068,148.072,148.061,148.063,59,0,0
2025.09.18,18:54:00,148.062,148.062,148.051,148.059,44,0,0
2025.09.18,18:55:00,148.059,148.075,148.057,148.069,77,0,0
2025.09.18,18:56:00,148.069,148.081,148.068,148.074,59,0,0
2025.09.18,18:57:00,148.074,148.078,148.051,148.058,89,0,0
2025.09.18,18:58:00,148.058,148.061,148.037,148.043,95,0,0
2025.09.18,18:59:00,148.044,148.047,148.021,148.024,91,0,0
2025.09.18,19:00:00,148.023,148.027,148.000,148.013,106,0,0
2025.09.18,19:01:00,148.012,148.013,147.966,147.971,172,0,0
2025.09.18,19:02:00,147.971,147.971,147.942,147.943,77,0,0
2025.09.18,19:03:00,147.945,147.947,147.926,147.933,97,0,0
2025.09.18,19:04:00,147.933,147.935,147.923,147.929,73,0,0
2025.09.18,19:05:00,147.940,147.962,147.940,147.950,78,0,0
2025.09.18,19:06:00,147.950,147.950,147.920,147.942,79,0,0
2025.09.18,19:07:00,147.949,147.984,147.945,147.981,175,0,0
2025.09.18,19:08:00,147.981,148.003,147.972,148.002,88,0,0
2025.09.18,19:09:00,148.002,148.031,147.998,148.029,109,0,0
2025.09.18,19:10:00,148.030,148.042,148.027,148.034,86,0,0
2025.09.18,19:11:00,148.035,148.038,148.018,148.038,94,0,0
2025.09.18,19:12:00,148.038,148.038,148.011,148.012,92,0,0
2025.09.18,19:13:00,148.011,148.019,147.994,147.994,84,0,0
2025.09.18,19:14:00,147.994,147.997,147.984,147.994,67,0,0
2025.09.18,19:15:00,147.994,147.996,147.958,147.959,92,0,0
2025.09.18,19:16:00,147.959,147.981,147.959,147.974,38,0,0
2025.09.18,19:17:00,147.973,147.974,147.952,147.963,53,0,0
2025.09.18,19:18:00,147.963,147.983,147.961,147.975,67,0,0
2025.09.18,19:19:00,147.978,148.004,147.974,148.004,69,0,0
2025.09.18,19:20:00,148.006,148.025,148.006,148.016,72,0,0
2025.09.18,19:21:00,148.016,148.031,148.014,148.020,77,0,0
2025.09.18,19:22:00,148.020,148.022,147.990,147.994,64,0,0
2025.09.18,19:23:00,147.994,147.995,147.972,147.975,64,0,0
2025.09.18,19:24:00,147.975,147.975,147.952,147.958,41,0,0
2025.09.18,19:25:00,147.957,147.957,147.936,147.938,90,0,0
2025.09.18,19:26:00,147.939,147.951,147.939,147.949,88,0,0
2025.09.18,19:27:00,147.949,147.962,147.941,147.959,65,0,0
2025.09.18,19:28:00,147.960,147.960,147.947,147.950,28,0,0
2025.09.18,19:29:00,147.949,147.950,147.923,147.923,80,0,0
2025.09.18,19:30:00,147.922,147.946,147.920,147.940,124,0,0
2025.09.18,19:31:00,147.940,147.960,147.937,147.950,46,0,0
2025.09.18,19:32:00,147.955,147.965,147.945,147.950,63,0,0
2025.09.18,19:33:00,147.950,147.971,147.949,147.968,62,0,0
2025.09.18,19:34:00,147.968,147.982,147.968,147.975,35,0,0
2025.09.18,19:35:00,147.975,147.987,147.972,147.982,65,0,0
2025.09.18,19:36:00,147.978,147.995,147.977,147.994,37,0,0
2025.09.18,19:37:00,147.994,148.002,147.986,148.002,56,0,0
2025.09.18,19:38:00,148.002,148.004,147.982,147.985,44,0,0
2025.09.18,19:39:00,147.985,147.985,147.967,147.974,29,0,0
2025.09.18,19:40:00,147.975,147.975,147.955,147.955,26,0,0
2025.09.18,19:41:00,147.955,147.966,147.949,147.966,51,0,0
2025.09.18,19:42:00,147.965,147.972,147.963,147.965,33,0,0
2025.09.18,19:43:00,147.965,147.970,147.949,147.953,37,0,0
2025.09.18,19:44:00,147.955,147.972,147.947,147.952,66,0,0
2025.09.18,19:45:00,147.952,147.954,147.938,147.946,40,0,0
2025.09.18,19:46:00,147.946,147.951,147.942,147.942,58,0,0
2025.09.18,19:47:00,147.942,147.954,147.936,147.953,70,0,0
2025.09.18,19:48:00,147.953,147.960,147.953,147.953,45,0,0
2025.09.18,19:49:00,147.953,147.953,147.930,147.940,49,0,0
2025.09.18,19:50:00,147.939,147.943,147.930,147.936,43,0,0
2025.09.18,19:51:00,147.936,147.936,147.886,147.886,57,0,0
2025.09.18,19:52:00,147.886,147.900,147.877,147.880,66,0,0
2025.09.18,19:53:00,147.880,147.881,147.863,147.865,79,0,0
2025.09.18,19:54:00,147.866,147.866,147.857,147.864,45,0,0
2025.09.18,19:55:00,147.864,147.882,147.861,147.877,59,0,0
2025.09.18,19:56:00,147.878,147.886,147.874,147.885,42,0,0
2025.09.18,19:57:00,147.886,147.888,147.864,147.888,55,0,0
2025.09.18,19:58:00,147.888,147.888,147.868,147.868,60,0,0
2025.09.18,19:59:00,147.868,147.868,147.861,147.865,26,0,0
2025.09.18,20:00:00,147.866,147.877,147.860,147.864,66,0,0
2025.09.18,20:01:00,147.864,147.864,147.842,147.854,77,0,0
2025.09.18,20:02:00,147.854,147.879,147.850,147.856,125,0,0
2025.09.18,20:03:00,147.855,147.860,147.833,147.833,103,0,0
2025.09.18,20:04:00,147.833,147.850,147.832,147.835,80,0,0
2025.09.18,20:05:00,147.836,147.846,147.836,147.842,37,0,0
2025.09.18,20:06:00,147.842,147.842,147.833,147.835,32,0,0
2025.09.18,20:07:00,147.835,147.847,147.834,147.838,48,0,0
2025.09.18,20:08:00,147.838,147.861,147.833,147.861,78,0,0
2025.09.18,20:09:00,147.862,147.867,147.830,147.843,83,0,0
2025.09.18,20:10:00,147.845,147.855,147.844,147.847,46,0,0
2025.09.18,20:11:00,147.847,147.854,147.840,147.842,56,0,0
2025.09.18,20:12:00,147.842,147.842,147.821,147.823,65,0,0
2025.09.18,20:13:00,147.823,147.835,147.823,147.832,53,0,0
2025.09.18,20:14:00,147.836,147.850,147.833,147.841,55,0,0
2025.09.18,20:15:00,147.841,147.845,147.836,147.841,51,0,0
2025.09.18,20:16:00,147.841,147.842,147.826,147.833,61,0,0
2025.09.18,20:17:00,147.836,147.846,147.830,147.845,36,0,0
2025.09.18,20:18:00,147.844,147.846,147.839,147.845,21,0,1
2025.09.18,20:19:00,147.845,147.855,147.844,147.855,11,0,0
2025.09.18,20:20:00,147.855,147.867,147.855,147.862,36,0,0
2025.09.18,20:21:00,147.864,147.866,147.855,147.864,38,0,0
2025.09.18,20:22:00,147.864,147.870,147.842,147.843,41,0,0
2025.09.18,20:23:00,147.843,147.843,147.830,147.843,50,0,0
2025.09.18,20:24:00,147.842,147.843,147.826,147.835,38,0,0
2025.09.18,20:25:00,147.835,147.844,147.830,147.840,67,0,0
2025.09.18,20:26:00,147.840,147.842,147.826,147.826,54,0,0
2025.09.18,20:27:00,147.826,147.827,147.819,147.821,35,0,0
2025.09.18,20:28:00,147.821,147.835,147.819,147.819,74,0,0
2025.09.18,20:29:00,147.819,147.841,147.819,147.836,70,0,0
2025.09.18,20:30:00,147.836,147.840,147.828,147.839,50,0,2
2025.09.18,20:31:00,147.839,147.849,147.829,147.830,38,0,0
2025.09.18,20:32:00,147.829,147.832,147.824,147.832,39,0,0
2025.09.18,20:33:00,147.832,147.835,147.825,147.826,38,0,0
2025.09.18,20:34:00,147.826,147.834,147.823,147.827,47,0,0
2025.09.18,20:35:00,147.828,147.832,147.810,147.810,76,0,0
2025.09.18,20:36:00,147.809,147.822,147.805,147.817,45,0,0
2025.09.18,20:37:00,147.818,147.821,147.809,147.811,54,0,0
2025.09.18,20:38:00,147.810,147.821,147.810,147.819,64,0,0
2025.09.18,20:39:00,147.820,147.823,147.815,147.815,36,0,0
2025.09.18,20:40:00,147.815,147.822,147.808,147.821,43,0,0
2025.09.18,20:41:00,147.821,147.828,147.808,147.809,38,0,0
2025.09.18,20:42:00,147.810,147.822,147.809,147.822,43,0,0
2025.09.18,20:43:00,147.822,147.824,147.818,147.823,21,0,0
2025.09.18,20:44:00,147.823,147.825,147.821,147.824,15,0,0
2025.09.18,20:45:00,147.824,147.824,147.811,147.813,42,0,0
2025.09.18,20:46:00,147.813,147.836,147.805,147.832,70,0,0
2025.09.18,20:47:00,147.835,147.835,147.821,147.826,51,0,0
2025.09.18,20:48:00,147.826,147.835,147.818,147.824,56,0,0
2025.09.18,20:49:00,147.824,147.845,147.824,147.845,74,0,1
2025.09.18,20:50:00,147.845,147.882,147.845,147.877,64,0,0
2025.09.18,20:51:00,147.881,147.882,147.869,147.874,59,0,0
2025.09.18,20:52:00,147.874,147.886,147.871,147.872,45,0,0
2025.09.18,20:53:00,147.872,147.885,147.872,147.883,29,0,2
2025.09.18,20:54:00,147.882,147.887,147.870,147.872,35,0,0
2025.09.18,20:55:00,147.872,147.889,147.868,147.888,36,0,0
2025.09.18,20:56:00,147.889,147.890,147.888,147.890,14,0,0
2025.09.18,20:57:00,147.891,147.893,147.885,147.888,14,0,0
2025.09.18,20:58:00,147.887,147.887,147.865,147.880,48,0,0
2025.09.18,20:59:00,147.881,147.885,147.875,147.875,37,0,0
2025.09.18,21:00:00,147.875,147.897,147.875,147.896,65,0,0
2025.09.18,21:01:00,147.896,147.925,147.896,147.924,67,0,0
2025.09.18,21:02:00,147.924,147.929,147.902,147.902,72,0,0
2025.09.18,21:03:00,147.902,147.910,147.902,147.907,36,0,0
2025.09.18,21:04:00,147.907,147.908,147.892,147.896,40,0,0
2025.09.18,21:05:00,147.896,147.909,147.892,147.908,26,0,0
2025.09.18,21:06:00,147.908,147.921,147.908,147.920,40,0,0
2025.09.18,21:07:00,147.920,147.923,147.920,147.921,15,0,0
2025.09.18,21:08:00,147.921,147.926,147.894,147.895,50,0,0
2025.09.18,21:09:00,147.895,147.895,147.886,147.890,45,0,0
2025.09.18,21:10:00,147.890,147.891,147.884,147.885,24,0,0
2025.09.18,21:11:00,147.885,147.885,147.873,147.874,20,0,0
2025.09.18,21:12:00,147.874,147.885,147.867,147.876,62,0,0
2025.09.18,21:13:00,147.877,147.886,147.841,147.843,78,0,0
2025.09.18,21:14:00,147.842,147.844,147.827,147.834,84,0,0
2025.09.18,21:15:00,147.836,147.846,147.829,147.845,63,0,0
2025.09.18,21:16:00,147.845,147.857,147.845,147.855,49,0,0
2025.09.18,21:17:00,147.855,147.869,147.847,147.866,49,0,0
2025.09.18,21:18:00,147.866,147.873,147.866,147.867,35,0,0
2025.09.18,21:19:00,147.861,147.861,147.844,147.852,55,0,0
2025.09.18,21:20:00,147.853,147.854,147.841,147.847,32,0,0
2025.09.18,21:21:00,147.846,147.850,147.833,147.837,37,0,0
2025.09.18,21:22:00,147.837,147.852,147.829,147.851,39,0,0
2025.09.18,21:23:00,147.857,147.866,147.857,147.864,38,0,0
2025.09.18,21:24:00,147.864,147.884,147.863,147.871,43,0,0
2025.09.18,21:25:00,147.872,147.875,147.852,147.857,43,0,0
2025.09.18,21:26:00,147.856,147.865,147.851,147.858,39,0,0
2025.09.18,21:27:00,147.858,147.860,147.851,147.853,22,0,0
2025.09.18,21:28:00,147.853,147.863,147.853,147.863,17,0,0
2025.09.18,21:29:00,147.863,147.864,147.854,147.856,41,0,0
2025.09.18,21:30:00,147.856,147.873,147.852,147.872,55,0,0
2025.09.18,21:31:00,147.872,147.884,147.872,147.884,50,0,1
2025.09.18,21:32:00,147.884,147.885,147.874,147.875,47,0,0
2025.09.18,21:33:00,147.875,147.891,147.875,147.884,25,0,1
2025.09.18,21:34:00,147.884,147.891,147.884,147.886,45,0,0
2025.09.18,21:35:00,147.886,147.892,147.886,147.892,13,0,0
2025.09.18,21:36:00,147.892,147.903,147.892,147.898,57,0,0
2025.09.18,21:37:00,147.898,147.902,147.888,147.895,34,0,0
2025.09.18,21:38:00,147.895,147.896,147.881,147.886,36,0,0
2025.09.18,21:39:00,147.886,147.893,147.877,147.891,40,0,0
2025.09.18,21:40:00,147.891,147.891,147.882,147.885,47,0,2
2025.09.18,21:41:00,147.885,147.885,147.874,147.874,27,0,1
2025.09.18,21:42:00,147.874,147.885,147.874,147.884,45,0,2
2025.09.18,21:43:00,147.884,147.895,147.883,147.891,48,0,0
2025.09.18,21:44:00,147.891,147.897,147.884,147.893,48,0,0
2025.09.18,21:45:00,147.893,147.906,147.893,147.905,42,0,0
2025.09.18,21:46:00,147.904,147.905,147.873,147.874,63,0,0
2025.09.18,21:47:00,147.874,147.875,147.866,147.871,63,0,1
2025.09.18,21:48:00,147.871,147.873,147.862,147.865,34,0,0
2025.09.18,21:49:00,147.864,147.870,147.863,147.867,31,0,0
2025.09.18,21:50:00,147.867,147.874,147.865,147.868,25,0,0
2025.09.18,21:51:00,147.868,147.880,147.868,147.874,19,0,0
2025.09.18,21:52:00,147.876,147.876,147.872,147.873,28,0,1
2025.09.18,21:53:00,147.873,147.874,147.861,147.865,34,0,0
2025.09.18,21:54:00,147.865,147.874,147.864,147.874,17,0,0
2025.09.18,21:55:00,147.874,147.877,147.870,147.873,28,0,1
2025.09.18,21:56:00,147.873,147.885,147.873,147.884,24,0,0
2025.09.18,21:57:00,147.883,147.884,147.873,147.874,23,0,0
2025.09.18,21:58:00,147.875,147.881,147.873,147.874,44,0,0
2025.09.18,21:59:00,147.874,147.889,147.874,147.882,59,0,0
2025.09.18,22:00:00,147.882,147.894,147.881,147.883,55,0,0
2025.09.18,22:01:00,147.882,147.885,147.881,147.883,13,0,0
2025.09.18,22:02:00,147.883,147.893,147.881,147.884,45,0,0
2025.09.18,22:03:00,147.884,147.885,147.877,147.884,33,0,0
2025.09.18,22:04:00,147.884,147.895,147.884,147.893,20,0,0
2025.09.18,22:05:00,147.892,147.893,147.881,147.885,27,0,0
2025.09.18,22:06:00,147.885,147.897,147.875,147.893,26,0,0
2025.09.18,22:07:00,147.893,147.896,147.891,147.892,15,0,1
2025.09.18,22:08:00,147.892,147.894,147.882,147.887,34,0,0
2025.09.18,22:09:00,147.887,147.892,147.884,147.885,54,0,0
2025.09.18,22:10:00,147.889,147.895,147.870,147.871,61,0,0
2025.09.18,22:11:00,147.871,147.874,147.861,147.864,39,0,0
2025.09.18,22:12:00,147.864,147.865,147.851,147.852,40,0,0
2025.09.18,22:13:00,147.853,147.855,147.851,147.854,29,0,0
2025.09.18,22:14:00,147.854,147.864,147.849,147.850,34,0,0
2025.09.18,22:15:00,147.849,147.857,147.849,147.850,24,0,0
2025.09.18,22:16:00,147.850,147.857,147.849,147.854,21,0,0
2025.09.18,22:17:00,147.854,147.856,147.845,147.851,59,0,0
2025.09.18,22:18:00,147.851,147.858,147.850,147.857,28,0,0
2025.09.18,22:19:00,147.857,147.866,147.854,147.864,35,0,0
2025.09.18,22:20:00,147.864,147.874,147.864,147.867,50,0,0
2025.09.18,22:21:00,147.868,147.868,147.859,147.863,22,0,0
2025.09.18,22:22:00,147.863,147.871,147.862,147.867,37,0,0
2025.09.18,22:23:00,147.867,147.868,147.864,147.864,35,0,0
2025.09.18,22:24:00,147.865,147.874,147.860,147.862,41,0,0
2025.09.18,22:25:00,147.863,147.868,147.862,147.866,33,0,0
2025.09.18,22:26:00,147.866,147.872,147.858,147.858,41,0,1
2025.09.18,22:27:00,147.858,147.863,147.854,147.863,57,0,0
2025.09.18,22:28:00,147.863,147.874,147.861,147.874,28,0,0
2025.09.18,22:29:00,147.874,147.884,147.874,147.882,39,0,0
2025.09.18,22:30:00,147.882,147.884,147.875,147.883,42,0,0
2025.09.18,22:31:00,147.883,147.895,147.883,147.894,29,0,0
2025.09.18,22:32:00,147.894,147.899,147.894,147.895,15,0,0
2025.09.18,22:33:00,147.895,147.907,147.895,147.904,29,0,0
2025.09.18,22:34:00,147.903,147.918,147.903,147.917,67,0,0
2025.09.18,22:35:00,147.917,147.927,147.915,147.926,52,0,0
2025.09.18,22:36:00,147.926,147.930,147.918,147.928,68,0,1
2025.09.18,22:37:00,147.928,147.928,147.916,147.926,51,0,0
2025.09.18,22:38:00,147.926,147.928,147.915,147.916,55,0,0
2025.09.18,22:39:00,147.916,147.919,147.915,147.918,34,0,0
2025.09.18,22:40:00,147.917,147.917,147.906,147.908,38,0,0
2025.09.18,22:41:00,147.908,147.919,147.908,147.916,41,0,0
2025.09.18,22:42:00,147.916,147.922,147.905,147.922,44,0,0
2025.09.18,22:43:00,147.920,147.930,147.919,147.928,39,0,0
2025.09.18,22:44:00,147.928,147.929,147.918,147.918,25,0,0
2025.09.18,22:45:00,147.919,147.928,147.918,147.926,25,0,0
2025.09.18,22:46:00,147.925,147.928,147.919,147.919,24,0,0
2025.09.18,22:47:00,147.918,147.921,147.917,147.920,30,0,0
2025.09.18,22:48:00,147.920,147.929,147.916,147.917,26,0,0
2025.09.18,22:49:00,147.918,147.919,147.916,147.917,13,0,0
2025.09.18,22:50:00,147.917,147.918,147.905,147.906,24,0,0
2025.09.18,22:51:00,147.906,147.908,147.904,147.905,16,0,0
2025.09.18,22:52:00,147.905,147.919,147.905,147.916,23,0,0
2025.09.18,22:53:00,147.917,147.918,147.905,147.906,22,0,0
2025.09.18,22:54:00,147.906,147.917,147.906,147.913,24,0,0
2025.09.18,22:55:00,147.913,147.914,147.897,147.906,52,0,1
2025.09.18,22:56:00,147.902,147.912,147.901,147.911,57,0,1
2025.09.18,22:57:00,147.909,147.912,147.905,147.910,36,0,0
2025.09.18,22:58:00,147.909,147.955,147.909,147.947,90,0,0
2025.09.18,22:59:00,147.947,147.961,147.941,147.952,108,0,0
2025.09.18,23:00:00,147.952,148.008,147.949,148.002,91,0,0
2025.09.18,23:01:00,148.002,148.008,147.997,147.997,72,0,0
2025.09.18,23:02:00,147.997,148.009,147.997,148.006,65,0,0
2025.09.18,23:03:00,148.006,148.007,147.997,147.998,24,0,0
2025.09.18,23:04:00,147.998,147.998,147.956,147.961,44,0,0
2025.09.18,23:05:00,147.960,147.986,147.952,147.986,47,0,0
2025.09.18,23:06:00,147.985,147.986,147.974,147.975,24,0,2
2025.09.18,23:07:00,147.974,147.987,147.973,147.986,18,0,0
2025.09.18,23:08:00,147.987,147.996,147.986,147.992,17,0,0
2025.09.18,23:09:00,147.992,147.995,147.981,147.992,22,0,0
2025.09.18,23:10:00,147.992,148.009,147.992,148.001,64,0,0
2025.09.18,23:11:00,148.006,148.006,147.996,147.998,25,0,1
2025.09.18,23:12:00,147.998,147.998,147.988,147.998,31,0,0
2025.09.18,23:13:00,147.998,147.999,147.993,147.998,31,0,0
2025.09.18,23:14:00,147.994,147.994,147.969,147.971,22,0,0
2025.09.18,23:15:00,147.972,147.976,147.965,147.974,18,0,0
2025.09.18,23:16:00,147.974,147.978,147.969,147.974,23,0,0
2025.09.18,23:17:00,147.974,147.977,147.974,147.975,17,0,0
2025.09.18,23:18:00,147.975,147.978,147.973,147.978,17,0,0
2025.09.18,23:19:00,147.979,147.979,147.973,147.976,12,0,1
2025.09.18,23:20:00,147.977,147.977,147.964,147.966,10,0,0
2025.09.18,23:21:00,147.965,147.967,147.964,147.966,9,0,0
2025.09.18,23:22:00,147.968,147.968,147.967,147.967,4,0,1
2025.09.18,23:23:00,147.968,147.978,147.967,147.976,25,0,0
2025.09.18,23:24:00,147.976,147.980,147.973,147.975,32,0,0
2025.09.18,23:25:00,147.973,147.980,147.973,147.977,35,0,0
2025.09.18,23:26:00,147.977,147.980,147.973,147.975,24,0,0
2025.09.18,23:27:00,147.976,147.977,147.974,147.977,12,0,0
2025.09.18,23:28:00,147.976,147.979,147.975,147.977,18,0,0
2025.09.18,23:29:00,147.977,147.977,147.963,147.974,39,0,1
2025.09.18,23:30:00,147.973,148.006,147.973,148.005,34,0,1
2025.09.18,23:31:00,148.005,148.008,148.001,148.002,19,0,3
2025.09.18,23:32:00,148.002,148.003,147.996,147.999,20,0,1
2025.09.18,23:33:00,148.000,148.000,147.994,147.997,31,0,1
2025.09.18,23:34:00,147.997,148.008,147.996,148.005,25,0,0
2025.09.18,23:35:00,148.006,148.008,148.006,148.007,5,0,0
2025.09.18,23:36:00,148.007,148.009,148.007,148.008,8,0,0
2025.09.18,23:37:00,148.008,148.009,148.002,148.004,35,0,0
2025.09.18,23:38:00,148.004,148.005,147.988,147.990,33,0,1
2025.09.18,23:39:00,147.990,147.994,147.981,147.984,37,0,1
2025.09.18,23:40:00,147.984,147.985,147.970,147.976,45,0,0
2025.09.18,23:41:00,147.975,147.981,147.970,147.975,31,0,3
2025.09.18,23:42:00,147.975,147.975,147.961,147.975,30,0,2
2025.09.18,23:43:00,147.974,147.977,147.969,147.975,21,0,2
2025.09.18,23:44:00,147.975,147.980,147.967,147.980,27,0,2
2025.09.18,23:45:00,147.980,147.985,147.977,147.985,28,0,4
2025.09.18,23:46:00,147.985,147.986,147.975,147.982,35,0,3
2025.09.18,23:47:00,147.983,147.989,147.982,147.989,30,0,1
2025.09.18,23:48:00,147.989,147.999,147.989,147.996,16,0,2
2025.09.18,23:49:00,147.994,147.998,147.994,147.996,21,0,5
2025.09.18,23:50:00,147.997,148.008,147.997,148.006,22,0,5
2025.09.18,23:51:00,148.006,148.006,148.005,148.006,9,0,3
2025.09.18,23:52:00,148.006,148.006,148.005,148.006,9,0,4
2025.09.18,23:53:00,148.005,148.006,148.003,148.005,18,0,5
2025.09.18,23:54:00,148.006,148.007,148.005,148.007,17,0,3
2025.09.18,23:55:00,148.007,148.014,148.005,148.005,18,0,4
2025.09.18,23:56:00,148.006,148.006,148.001,148.001,38,0,5
2025.09.18,23:57:00,148.001,148.006,147.994,147.995,51,0,4
2025.09.18,23:58:00,147.996,147.998,147.991,147.993,73,0,4
2025.09.18,23:59:00,147.993,147.995,147.985,147.991,88,0,2
2025.09.19,00:00:00,147.991,147.991,147.895,147.895,2,0,12
2025.09.19,00:01:00,147.897,147.897,147.897,147.897,1,0,130
2025.09.19,00:04:00,147.878,147.878,147.878,147.878,1,0,130
2025.09.19,00:05:00,147.878,147.896,147.878,147.896,5,0,91
2025.09.19,00:06:00,147.894,147.894,147.886,147.886,3,0,104
